name,novel,publishing_year,gender,description
Elizabeth Bennet,Pride and Prejudice,1813,f,"Elizabeth Bennet is one of the central characters in Jane Austen's novel ""Pride and Prejudice,"" known for her wit, intelligence, and strong sense of independence. Here's a breakdown of her different aspects:

**Physical:**
Elizabeth is described as having fine eyes and a playful, engaging countenance. She is not considered the most beautiful woman in the novel, but her lively expression and attractive features contribute to her overall charm.

**Mental:**
Elizabeth is sharp-witted and possesses a keen intellect. She is an avid reader and enjoys engaging in conversations that challenge her intellect. Her ability to think critically and make insightful observations is a hallmark of her character.

**Behavioral:**
Elizabeth's behavior is marked by her honesty, wit, and outspokenness. She is unafraid to speak her mind, which sometimes leads to her being perceived as impertinent, especially in social situations where decorum is expected. Her straightforwardness often drives the plot and impacts her relationships with others.

**Social:**
Elizabeth hails from a genteel but not particularly wealthy family. She occupies a middle position in the social hierarchy of the novel. Despite her social standing, she has an aversion to shallow, insincere people and refuses to marry for the sake of financial security. Her social consciousness is evident in her interactions with others, regardless of their rank or wealth.

**Other Aspects:**
- **Independence:** Elizabeth values her independence and refuses to conform to societal expectations that dictate she should marry solely for financial security. She seeks a genuine emotional connection in marriage.
- **Prejudices:** The title of the novel reflects Elizabeth's tendency to judge too quickly, as well as the theme of overcoming such prejudices. She initially forms a negative opinion of Mr. Darcy due to his pride and aloofness, only to later realize her misjudgment.
- **Family:** Elizabeth is close to her family, though she sometimes finds them embarrassing due to their lack of refinement. She shares a special bond with her father and sister Jane.
- **Morality:** Elizabeth has a strong moral compass and is repelled by deceit and insincerity. She values integrity and honesty in herself and others.

**Key Actions:**
- Elizabeth's rejection of Mr. Collins' marriage proposal demonstrates her determination to marry for love rather than financial gain.
- Her refusal to believe Mr. Darcy's account of Mr. Wickham's behavior showcases her initial prejudice and skepticism.
- Elizabeth's tour of Mr. Darcy's estate, Pemberley, and her subsequent encounter with him there, contribute to her gradual change of heart about his character.
- Her loyalty and support for her sister Jane during her illness, as well as her confrontation with Lady Catherine de Bourgh, showcase her strong sense of family and her willingness to stand up for what she believes is right.

In ""Pride and Prejudice,"" Elizabeth Bennet's multifaceted character serves as a catalyst for the novel's exploration of themes such as social class, marriage, and personal growth. Her journey from prejudice to understanding and her refusal to compromise her principles make her a beloved and enduring literary figure."
Jane Bennet,Pride and Prejudice,1813,f,"Jane Bennet is another significant character in Jane Austen's novel ""Pride and Prejudice."" She is Elizabeth Bennet's older sister and is portrayed as a gentle and kind-hearted young woman. Here's a breakdown of her different aspects:

**Physical:**
Jane is described as having classic beauty, with a sweet and serene countenance. Her fair complexion and golden hair contribute to her overall appearance of gentleness and grace.

**Mental:**
While Jane might not possess Elizabeth's sharp wit, she is depicted as having a calm and rational disposition. She sees the best in people and tends to give them the benefit of the doubt, sometimes to her own disadvantage.

**Behavioral:**
Jane's behavior is characterized by her pleasantness and amiable nature. She is polite, considerate, and always seeks to avoid conflict. Her demeanor is genuinely warm and inviting.

**Social:**
Jane occupies a similar social status to Elizabeth, being the daughter of a gentleman but not exceedingly wealthy. She is well-mannered and adept at navigating the expectations of society. Her good nature and pleasant manners make her well-liked among her acquaintances.

**Other Aspects:**
- **Emotional Strength:** Jane possesses a quiet strength and resilience. Despite facing setbacks and heartache, she remains composed and graceful, not allowing her emotions to overwhelm her.
- **Optimism:** She tends to see the best in people and situations, sometimes leading her to overlook negative aspects or intentions. Her optimism contrasts with Elizabeth's more skeptical nature.
- **Romantic Outlook:** Jane is genuinely in love with Mr. Bingley and is devastated when she believes he has lost interest in her. Her emotional turmoil in this situation highlights her vulnerability and capacity for deep affection.

**Key Actions:**
- Jane's initial encounter with Mr. Bingley at the Meryton assembly is a crucial moment that sets the stage for her romantic storyline.
- She falls seriously ill while visiting the Bingley sisters, which serves as a catalyst for Mr. Darcy's intervention and Elizabeth's extended stay at Netherfield.
- Jane's steadfastness in holding onto her feelings for Mr. Bingley, despite misunderstandings and obstacles, demonstrates her enduring love and commitment.
- Her eventual marriage to Mr. Bingley, after overcoming societal obstacles and personal challenges, marks a fulfilling conclusion to her romantic subplot.

In ""Pride and Prejudice,"" Jane Bennet's character embodies the virtues of kindness, patience, and romantic devotion. Her story serves as a counterpoint to Elizabeth's journey, highlighting different approaches to love, relationships, and social interactions."
Fitzwilliam Darcy,Pride and Prejudice,1813,m,"Fitzwilliam Darcy is one of the central characters in Jane Austen's novel ""Pride and Prejudice,"" known for his complex personality, wealth, and eventual transformation. Here's a breakdown of his different aspects:

**Physical:**
Darcy is described as tall and handsome, with a commanding presence. His appearance, combined with his aristocratic bearing, makes him stand out in any social gathering.

**Mental:**
Darcy is portrayed as intelligent and thoughtful. He possesses a keen analytical mind, which sometimes leads to overthinking and being overly cautious in his interactions with others. His introspective nature contributes to his inner struggles throughout the story.

**Behavioral:**
Darcy's behavior is initially marked by a sense of pride and aloofness. He often comes across as reserved and reserved in social situations, which leads to misunderstandings and misinterpretations of his character.

**Social:**
Darcy hails from a wealthy and aristocratic family. He is considered a catch in the marriage market due to his considerable wealth and social status. However, his initial demeanor and his reluctance to socialize with those he deems beneath him can create an air of arrogance.

**Other Aspects:**
- **Pride and Prejudice:** Darcy's central flaw is his pride, which stems from his social standing and upbringing. This pride initially causes him to look down on those he considers his social inferiors.
- **Growth and Transformation:** Throughout the novel, Darcy undergoes a significant transformation. He recognizes his own shortcomings, learns to set aside his pride, and becomes more aware of the impact of his actions on others.
- **Integrity:** Beneath his initial aloofness, Darcy possesses a strong sense of integrity. He values honesty and loyalty and is willing to take responsibility for his actions.
- **Love for Elizabeth:** Darcy's feelings for Elizabeth Bennet challenge his preconceived notions about social class and love. His struggle to reconcile his feelings with his pride forms a central theme of the story.

**Key Actions:**
- Darcy's initial proposal to Elizabeth is marked by his confession of love, but it also reveals his belief that he is overcoming his own better judgment to propose to someone from a lower social class.
- His letter to Elizabeth, explaining his role in separating Mr. Bingley from Jane, provides crucial insight into his character and motivations.
- Darcy's actions to rectify the situation between Mr. Bingley and Jane, as well as his assistance in resolving the matter between Lydia and Mr. Wickham, reflect his growth and commitment to doing right by others.
- His act of convincing Mr. Bingley to return to Netherfield and propose to Jane showcases his change of heart and his genuine concern for his friend's happiness.

Fitzwilliam Darcy's character arc in ""Pride and Prejudice"" is a journey from arrogance and prejudice to humility and self-awareness. His growth, coupled with his evolving relationship with Elizabeth, underscores the novel's exploration of the complexities of love, social class, and personal transformation."
Mr. William Collins,Pride and Prejudice,1813,m,"Mr. William Collins is a distinctive character in Jane Austen's novel ""Pride and Prejudice,"" known for his obsequious behavior, social awkwardness, and his comical and cringe-worthy interactions. Here's a breakdown of his different aspects:

**Physical:**
Mr. Collins is described as unremarkable in appearance, neither handsome nor particularly attractive. His physical appearance doesn't play a significant role in the novel's depiction of his character.

**Mental:**
While Mr. Collins is not portrayed as a particularly deep thinker, he is shown to be obedient and highly impressionable. He tends to adhere strictly to societal norms and values, often to an exaggerated degree.

**Behavioral:**
Mr. Collins's behavior is marked by his extreme formality, verbosity, and his tendency to adhere to social conventions without much thought. He frequently uses pompous language and employs flattery to ingratiate himself with those he considers important.

**Social:**
Mr. Collins is a clergyman and the heir to the Bennet family's estate, Longbourn. His connection to the estate is the primary reason for his initial proposal to one of the Bennet daughters. Despite his status as a clergyman, his behavior and attitudes often fall short of true Christian humility.

**Other Aspects:**
- **Obsequiousness:** Mr. Collins's most prominent trait is his sycophantic nature. He seeks to curry favor with Lady Catherine de Bourgh, his patroness, and other influential individuals.
- **Lack of Self-Awareness:** Mr. Collins is largely unaware of how his actions and words come across to others. He often unintentionally makes himself a figure of ridicule.
- **Marriage:** A significant aspect of Mr. Collins's character is his proposal to Elizabeth Bennet. He views marriage as a pragmatic decision, seeking to marry for the sake of convenience and Lady Catherine's recommendation.

**Key Actions:**
- Mr. Collins's initial proposal to Elizabeth Bennet is memorable for its awkwardness and lack of emotional connection. He presents marriage as a logical decision, listing his reasons in a detached and impersonal manner.
- His willingness to overlook Elizabeth's initial rejection and continue pursuing her as a potential wife is a reflection of his misguided determination.
- Mr. Collins's absurd letter of condolence to Mr. Bennet upon Lydia's elopement with Mr. Wickham is an example of his inability to grasp the gravity of the situation.
- His eventual marriage proposal to Elizabeth's friend, Charlotte Lucas, is characterized by his pragmatic approach and Charlotte's practical considerations.

Mr. Collins's character provides comedic relief in ""Pride and Prejudice,"" serving as a foil to more genuine and sincere characters. His behavior and interactions highlight the theme of marriage as both a social necessity and a matter of personal choice."
Lady Catherine de Bourgh,Pride and Prejudice,1813,f,"Lady Catherine de Bourgh is a prominent and imposing character in Jane Austen's novel ""Pride and Prejudice."" She is known for her high social status, arrogance, and domineering personality. Here's a breakdown of her different aspects:

**Physical:**
The novel doesn't provide an extensive physical description of Lady Catherine. However, her high social standing and aristocratic demeanor likely contribute to an air of authority.

**Mental:**
Lady Catherine is depicted as strong-willed and opinionated. She believes in her own superiority and is unafraid to express her views forcefully.

**Behavioral:**
Lady Catherine's behavior is marked by her domineering and condescending attitude. She often attempts to assert her authority and influence over others, particularly those she considers beneath her in social rank.

**Social:**
Lady Catherine de Bourgh comes from an aristocratic family and holds a position of high social standing. Her wealth and status give her a sense of entitlement and power in the community.

**Other Aspects:**
- **Sense of Entitlement:** Lady Catherine believes she has the right to dictate the actions and decisions of those around her due to her social position.
- **Motherly Concern:** She is protective of her nephew, Mr. Darcy, and seeks to control his choices, including his potential marriage.
- **Class Prejudice:** Lady Catherine's interactions with the Bennet family and her strong opposition to the idea of Mr. Darcy marrying Elizabeth Bennet highlight her class prejudice and disdain for those she considers beneath her.

**Key Actions:**
- Lady Catherine's first appearance occurs when she visits the Bennet family, revealing her haughty demeanor and making her opinions known.
- She confronts Elizabeth Bennet about her rumored engagement to Mr. Darcy, demanding that Elizabeth promise not to marry him.
- Her attempt to dissuade Mr. Darcy from proposing to Elizabeth showcases her determination to control her nephew's choices.
- Lady Catherine's visit to Elizabeth at Hunsford reveals her shock and outrage upon learning of Mr. Darcy's proposal to Elizabeth.

In ""Pride and Prejudice,"" Lady Catherine de Bourgh's character serves as a representation of the rigidity of social hierarchy and the arrogance of the aristocracy. Her interactions with other characters, especially Elizabeth Bennet, highlight the themes of pride, prejudice, and the challenges posed by societal expectations and class divisions."
Charles Bingley,Pride and Prejudice,1813,m,"Charles Bingley is a central character in Jane Austen's novel ""Pride and Prejudice,"" known for his amiable personality, friendliness, and initial romantic interest in Jane Bennet. Here's a breakdown of his different aspects:

**Physical:**
Charles Bingley is described as handsome, charming, and possessing an attractive demeanor. His appearance and manner make him well-liked among the people he meets.

**Mental:**
Bingley is portrayed as good-natured and kind-hearted. While not particularly complex in his thinking, he is characterized by his genuine and affable nature.

**Behavioral:**
Bingley's behavior is marked by his sociability, approachability, and friendly attitude. He is quick to make friends and enjoys participating in social gatherings.

**Social:**
Bingley comes from a wealthy background and has a comfortable social status. His affluence, along with his pleasant personality, makes him a desirable match in marriage.

**Other Aspects:**
- **Friendship:** Bingley quickly forms a close friendship with Fitzwilliam Darcy upon their introduction and is generally well-liked by those around him due to his easygoing nature.
- **Influence:** Bingley's actions and decisions can be influenced by the opinions of others, particularly Mr. Darcy's initial disapproval of his relationship with Jane Bennet.

**Key Actions:**
- Bingley's arrival in the neighborhood of Meryton and his renting of Netherfield Park set the stage for significant events in the story.
- He becomes infatuated with Jane Bennet and pursues her affection, forming a romantic connection.
- Bingley's sudden departure from Netherfield due to Mr. Darcy's influence leaves Jane heartbroken and contributes to misunderstandings between the two couples.
- His eventual return to Netherfield and rekindled interest in Jane Bennet lead to the resolution of the romantic plotlines, with their engagement.

In ""Pride and Prejudice,"" Charles Bingley's character serves as a foil to the more complex characters around him, particularly Fitzwilliam Darcy. His open-heartedness, genuine nature, and initial romantic involvement with Jane Bennet contribute to the novel's exploration of social dynamics, misunderstandings, and the themes of love and relationships."
Mr. Bennet ,Pride and Prejudice,1813,m,"Mr. Bennet is a significant character in Jane Austen's novel ""Pride and Prejudice,"" known for his wit, dry humor, and his somewhat detached approach to family matters. Here's a breakdown of his different aspects:

**Physical:**
The novel does not provide an extensive physical description of Mr. Bennet. However, he is depicted as having a slightly humorous and ironic demeanor.

**Mental:**
Mr. Bennet is portrayed as intelligent and possessing a sharp wit. He often uses humor as a way to cope with the challenges of his family life.

**Behavioral:**
Mr. Bennet's behavior is marked by his tendency to distance himself emotionally from family matters. He often retreats to his library to escape the chaos of his household.

**Social:**
Mr. Bennet comes from a respectable background and occupies a comfortable social position. However, his choice of marriage (to Mrs. Bennet) has led to certain tensions within the family.

**Other Aspects:**
- **Detachment:** One of Mr. Bennet's defining traits is his emotional detachment from his wife and younger daughters. He finds refuge in his library and uses humor as a shield against the chaos around him.
- **Irony and Humor:** Mr. Bennet's dry wit and sarcastic remarks contribute to the novel's humor. He often uses irony to comment on the absurdities of social norms and family dynamics.
- **Regrets:** As the story unfolds, it becomes clear that Mr. Bennet regrets his decision to marry Mrs. Bennet due to her frivolous and sometimes exasperating behavior.

**Key Actions:**
- Mr. Bennet's initial indifference to his wife's concerns about finding suitable husbands for their daughters sets the tone for the novel's exploration of societal expectations and marital dynamics.
- His interactions with his daughters, particularly Elizabeth, reveal his admiration for their intelligence and wit. He forms a close bond with Elizabeth.
- Mr. Bennet's reactions to Mr. Collins's proposal to Elizabeth and to Mr. Darcy's initial proposal to Elizabeth showcase his ironic and humorous response to serious matters.
- His eventual realization of the potential consequences of his family's actions, particularly Lydia's elopement, leads him to take a more active role in resolving the situation.

In ""Pride and Prejudice,"" Mr. Bennet's character adds a layer of satire and humor to the narrative. His unique personality, marked by wit and detachment, contributes to the novel's exploration of family dynamics, societal norms, and the complexities of human relationships."
Lydia Bennet,Pride and Prejudice,1813,f,"Lydia Bennet is one of the Bennet sisters in Jane Austen's novel ""Pride and Prejudice,"" known for her exuberant and flirtatious behavior. Here's a breakdown of her different aspects:

**Physical:**
Lydia Bennet is depicted as a lively and attractive young woman. Her physical appearance is not extensively described in the novel, but her vivacious personality often shines through.

**Mental:**
Lydia is portrayed as impulsive and lacking in self-awareness. She doesn't possess deep intellectual traits and is more concerned with social activities and flirtation.

**Behavioral:**
Lydia's behavior is marked by her exuberance, flirtatiousness, and desire for attention. She is impulsive and often acts without considering the consequences of her actions.

**Social:**
Lydia comes from a middle-class family with a comfortable social standing. However, her lack of decorum and flirtatious behavior can be seen as unconventional and potentially damaging to her reputation.

**Other Aspects:**
- **Flirtation:** One of Lydia's defining traits is her eagerness to engage in flirtation and attract the attention of young men.
- **Lack of Discretion:** Lydia's lack of discretion and concern for propriety becomes evident through her involvement with Mr. Wickham and her elopement with him.

**Key Actions:**
- Lydia's excitement over the arrival of the militia in Meryton and her immediate attraction to Mr. Wickham set the stage for her infatuation.
- Her flirtation with Mr. Wickham and her involvement with him contribute to the novel's exploration of social dynamics, romance, and the consequences of imprudent behavior.
- Lydia's elopement with Mr. Wickham shocks and scandalizes her family, particularly her older sister Elizabeth. The family's response to this crisis drives much of the latter part of the novel's plot.
- Her eventual marriage to Mr. Wickham, facilitated by Mr. Darcy, helps to mitigate the scandal and preserve her family's reputation.

In ""Pride and Prejudice,"" Lydia Bennet's character serves as a cautionary example of the consequences of unchecked behavior and the importance of societal norms and propriety. Her actions contribute to the themes of reputation, social class, and the complexities of relationships in the novel."
Charlotte Lucas,Pride and Prejudice,1813,f,"Charlotte Lucas is a secondary character in Jane Austen's novel ""Pride and Prejudice,"" known for her pragmatic approach to marriage and her eventual marriage to Mr. Collins. Here's a breakdown of her different aspects:

**Physical:**
The novel doesn't provide an extensive physical description of Charlotte Lucas. However, her appearance is generally understood to be unremarkable, and her personality tends to overshadow her physical attributes.

**Mental:**
Charlotte is depicted as practical and sensible. She is not as romantic or idealistic as some of the other characters and values financial security and stability in marriage.

**Behavioral:**
Charlotte's behavior is marked by her practicality and her willingness to make calculated decisions. She is willing to set aside romantic considerations in favor of securing her own future.

**Social:**
Charlotte comes from a middle-class family background and occupies a respectable social position. Her practical approach to marriage is influenced by her understanding of the limitations of her social status.

**Other Aspects:**
- **Pragmatism:** One of Charlotte's defining traits is her practical and realistic view of marriage. She believes that a comfortable life and financial security are more important than love and emotional connection.
- **Friendship:** Charlotte's friendship with Elizabeth Bennet is significant. Despite their differing views on marriage, their relationship remains strong.

**Key Actions:**
- Charlotte's willingness to accept Mr. Collins's proposal, even though she recognizes his shortcomings, demonstrates her pragmatic approach to marriage as a means of ensuring her own financial stability.
- Her engagement and subsequent marriage to Mr. Collins highlight the societal pressure and financial considerations that often influenced marriage choices during the time period.
- Charlotte's interactions with Elizabeth, particularly their discussions about marriage and their differing viewpoints, contribute to the novel's exploration of societal expectations and individual choices.

In ""Pride and Prejudice,"" Charlotte Lucas's character provides a contrast to the more idealistic and romantic viewpoints of other characters, such as Elizabeth Bennet. Her practical approach to marriage sheds light on the social and economic pressures that women faced in choosing their life partners during that era."
George Wickham,Pride and Prejudice,1813,m,"George Wickham is a complex and enigmatic character in Jane Austen's novel ""Pride and Prejudice."" He is known for his charm, charisma, and his role in various romantic entanglements. Here's a breakdown of his different aspects:

**Physical:**
The novel describes George Wickham as handsome and charming. His attractive appearance and charismatic demeanor make him appealing to those around him.

**Mental:**
Wickham is portrayed as cunning and manipulative. He possesses the ability to present himself as charming and trustworthy while concealing his true intentions.

**Behavioral:**
Wickham's behavior is marked by his charm and sociability, which allow him to easily win people's trust. However, he is also shown to be opportunistic and driven by personal gain.

**Social:**
Wickham comes from a respectable background, being the son of Mr. Darcy's late steward. However, his lack of a substantial inheritance and his debts impact his social standing and choices.

**Other Aspects:**
- **Deception:** Wickham is skilled at deceiving others through his smooth talk and amiable manners. He manipulates situations and emotions to his advantage.
- **Grudges:** He harbors resentment toward Mr. Darcy due to a perceived slight involving an inheritance, which influences his behavior throughout the novel.
- **Seduction:** Wickham's ability to charm and attract young women leads to romantic entanglements and misunderstandings.

**Key Actions:**
- Wickham's initial interactions with Elizabeth Bennet create a favorable impression, leading her to believe his version of events involving his past with Mr. Darcy.
- His engagement to Elizabeth's sister, Lydia Bennet, and their elopement cause a scandal and shock the Bennet family. Wickham's intention to marry Lydia is primarily driven by his desire to secure financial support.
- Wickham's willingness to marry Lydia after Mr. Darcy intervenes highlights his self-interest and his reliance on others to secure his future.
- His actions and deceptions contribute to the unfolding of the novel's plot and play a significant role in the resolution of various characters' storylines.

In ""Pride and Prejudice,"" George Wickham serves as a foil to characters like Mr. Darcy and a representation of the dangers of superficial charm and manipulation. His actions and the consequences of his behavior provide insight into the complexities of love, reputation, and societal expectations in Austen's world."
Georgiana Darcy,Pride and Prejudice,1813,f,"Georgiana Darcy is a minor but important character in Jane Austen's novel ""Pride and Prejudice."" She is the younger sister of Mr. Fitzwilliam Darcy and is known for her shyness, vulnerability, and the impact of a significant event in her past. Here's a breakdown of her different aspects:

**Physical:**
The novel doesn't provide an extensive physical description of Georgiana Darcy. However, she is generally depicted as delicate and attractive, reflecting her privileged upbringing.

**Mental:**
Georgiana is portrayed as gentle and reserved, with a shy and introverted nature. She is not as developed as some of the other characters in terms of her mental attributes.

**Behavioral:**
Georgiana's behavior is marked by her shyness and her inclination to avoid drawing attention to herself. Her quiet and modest demeanor reflects her upbringing and the expectations placed upon her.

**Social:**
Georgiana comes from a wealthy and aristocratic background, and her social standing is high due to her family's status. However, her vulnerability and past experience influence her interactions with others.

**Other Aspects:**
- **Vulnerability:** Georgiana's vulnerability stems from a past incident involving Mr. George Wickham, where he attempted to elope with her for financial gain. This event left her emotionally scarred and wary of men's intentions.
- **Influence of Brother:** Her relationship with Mr. Darcy is significant, as he acts as a protective older brother, looking out for her best interests and ensuring her future well-being.

**Key Actions:**
- Georgiana's attempted elopement with Mr. Wickham and Mr. Darcy's intervention serve as a critical background event that exposes Mr. Wickham's character and reinforces Mr. Darcy's role in protecting his sister's reputation.
- Her presence and character are revealed through Mr. Darcy's discussions about her, and her experiences provide insights into the consequences of social expectations and the importance of familial bonds.

In ""Pride and Prejudice,"" Georgiana Darcy's character, while not central to the main plot, adds depth to Mr. Darcy's personality and backstory. Her vulnerability and the lessons learned from her past experiences contribute to the novel's exploration of love, reputation, and the complex interactions between characters from different social strata."
Mrs. Bennet,Pride and Prejudice,1813,f,"Mrs. Bennet is a prominent character in Jane Austen's novel ""Pride and Prejudice,"" known for her nerves, volatility, and preoccupation with marrying off her daughters. Here's a breakdown of her different aspects:

**Physical:**
While the novel doesn't provide an extensive physical description of Mrs. Bennet, she is portrayed as being of average appearance. Her appearance is not a focal point in the story.

**Mental:**
Mrs. Bennet is depicted as being high-strung, anxious, and often irrational. She tends to be reactive rather than reflective, allowing her emotions to drive her actions and decisions.

**Behavioral:**
Mrs. Bennet's behavior is characterized by her nervousness, outbursts, and dramatic tendencies. She frequently exclaims in excitement or distress, and her moods can change rapidly.

**Social:**
Mrs. Bennet comes from a middle-class background, and she is married to Mr. Bennet, the owner of the Longbourn estate. Her social status is respectable but not as high as she would prefer for her daughters.

**Other Aspects:**
- **Marriage Obsession:** One of Mrs. Bennet's defining traits is her obsession with marrying off her five daughters. She is fixated on securing advantageous marriages for them to ensure their financial security and social status.
- **Nerves and Hysteria:** Mrs. Bennet is prone to nervousness and emotional outbursts, often succumbing to fits of hysteria. Her exaggerated reactions and emotional volatility contribute to the novel's humor and satire.
- **Lack of Foresight:** She tends to focus on immediate concerns and rarely considers the long-term consequences of her actions. This lack of foresight sometimes leads to unintended outcomes.

**Key Actions:**
- Mrs. Bennet's relentless pursuit of wealthy suitors for her daughters is evident from the very beginning of the novel, as she excitedly discusses the arrival of Mr. Bingley in the neighborhood.
- Her excitement and urgency regarding Jane's potential relationship with Mr. Bingley lead her to encourage Jane to stay at Netherfield when she falls ill, hoping it will hasten their relationship.
- Mrs. Bennet's interactions with Mr. Collins during his visit demonstrate her eagerness to find husbands for her daughters, even if it means marrying them off to someone as unsuitable as Mr. Collins.
- Her over-the-top reactions to Elizabeth's refusal of Mr. Collins's proposal, Lydia's elopement, and the various romantic developments throughout the novel highlight her lack of emotional restraint.

In ""Pride and Prejudice,"" Mrs. Bennet's character serves as a source of comedic relief, embodying the theme of societal expectations and the pressure on women to secure advantageous marriages. Her behavior and priorities underscore the challenges and limitations faced by women in the society of that time."
Elinor Dashwood,Sense and Sensibility,1811,f,"Elinor Dashwood is one of the central characters in Jane Austen's novel ""Sense and Sensibility,"" known for her practicality, emotional restraint, and sense of responsibility. Here's a breakdown of her different aspects:

**Physical:**
Elinor's physical appearance is not a major focus in the novel. However, she is often described as having a pleasing and attractive demeanor. Her appearance is not extravagant, and her beauty lies more in her poise and character.

**Mental:**
Elinor is characterized by her rationality, sound judgment, and intelligence. She thinks carefully before making decisions and is known for her ability to keep her emotions in check, even during challenging situations.

**Behavioral:**
Elinor's behavior is marked by her emotional restraint. She maintains a composed exterior and is skilled at hiding her own feelings and concerns in order to support and protect her family members.

**Social:**
Elinor comes from a respectable but reduced family fortune. She occupies a middle position in society and is conscious of the need to maintain proper social conduct. Her behavior is often guided by a sense of decorum.

**Other Aspects:**
- **Sense of Duty:** Elinor is driven by a strong sense of duty and responsibility toward her family. She takes on the role of a caregiver and protector, often putting her own needs and emotions aside for the sake of her family's well-being.
- **Practicality:** Elinor tends to be more practical and level-headed compared to her sister Marianne. She approaches situations with a clear understanding of the practical implications and doesn't easily succumb to flights of fancy.
- **Emotional Burden:** Despite her emotional restraint, Elinor experiences her own inner struggles and heartaches. She deals with disappointment and unrequited love in a private manner, allowing her emotions to be known only to those closest to her.

**Key Actions:**
- Elinor's composed and rational demeanor becomes evident when her family faces financial difficulties and must leave their beloved home. She shoulders much of the burden without outwardly expressing her own concerns.
- She forms a deep emotional attachment to Edward Ferrars but keeps her feelings hidden due to uncertain circumstances surrounding his engagement to another woman.
- Elinor supports her sister Marianne through her emotional turmoil and heartbreaks, offering a balanced perspective and advice based on her own experiences.
- Her eventual reunion with Edward and the resolution of their relationship demonstrate her patience, loyalty, and unwavering commitment to love and responsibility.

In ""Sense and Sensibility,"" Elinor Dashwood's character embodies the theme of sense and practicality, providing a contrast to her more emotionally driven sister Marianne. Her journey highlights the challenges of navigating societal expectations and personal emotions, and her strength and resilience make her a relatable and admirable character."
Lucy Steele,Sense and Sensibility,1811,f,"Lucy Steele is a character in Jane Austen's novel ""Sense and Sensibility,"" known for her cunning and manipulative nature. Here's a breakdown of her different aspects:

**Physical:**
The novel doesn't provide an extensive physical description of Lucy Steele. Her appearance is not a primary focus in the story.

**Mental:**
Lucy is depicted as shrewd and calculating. She is skilled at assessing social situations and exploiting them to her advantage. She is also adept at keeping secrets and manipulating others to achieve her goals.

**Behavioral:**
Lucy's behavior is marked by her outwardly pleasant and amiable demeanor, which often masks her true intentions. She is skilled at ingratiating herself with those around her, particularly those who can further her social and financial aspirations.

**Social:**
Lucy comes from a lower social status than the Dashwood sisters. She uses her charm and manipulative tactics to elevate her own position by securing advantageous connections.

**Other Aspects:**
- **Deception:** One of Lucy's most notable traits is her ability to deceive others. She pretends to be modest and virtuous, while hiding her engagement to Edward Ferrars, who is already connected to another family.
- **Ambition:** Lucy is driven by a strong desire for social advancement and financial security. She is willing to pursue her goals at the expense of others' feelings and reputations.
- **Opportunism:** Lucy seizes opportunities to achieve her goals, even if it means betraying the trust of others or acting against her own claimed values.

**Key Actions:**
- Lucy's relationship with Edward Ferrars serves as a central plot point. She is secretly engaged to him, which creates a significant obstacle in his potential relationship with Elinor Dashwood.
- She reveals her engagement to Elinor in a calculated move to secure Elinor's help in keeping the secret, further manipulating Elinor's emotions and sense of loyalty.
- Lucy continues to manipulate Elinor by pretending to befriend her while maintaining her engagement to Edward. This causes emotional turmoil for Elinor, who still loves Edward.
- Her eventual marriage to Robert Ferrars, Edward's brother, underscores her successful manipulation and scheming nature, as she secures a comfortable social and financial position.

In ""Sense and Sensibility,"" Lucy Steele's character serves as a representation of deceit and opportunism. Her actions provide a contrast to the more genuine and emotionally driven characters in the story. Her manipulation of relationships and her self-serving behavior contribute to the novel's exploration of societal expectations and personal ethics."
Colonel Brandon,Sense and Sensibility,1811,m,"Colonel Brandon is a significant character in Jane Austen's novel ""Sense and Sensibility,"" known for his maturity, kindness, and sense of honor. Here's a breakdown of his different aspects:

**Physical:**
Colonel Brandon is described as a tall and respectable-looking man. His appearance reflects his age and experience, and while he may not be considered conventionally handsome, his demeanor commands respect.

**Mental:**
Colonel Brandon is depicted as thoughtful, honorable, and reserved. He possesses a deep understanding of human nature and is perceptive when it comes to the emotions and needs of others.

**Behavioral:**
Brandon's behavior is marked by his gentlemanly manners and his genuine concern for the well-being of those around him. He is known for his kindness and willingness to help those in need.

**Social:**
Colonel Brandon comes from a respectable background and holds a prominent position in society due to his military service and honorable reputation. His social status is higher than that of the Dashwood sisters, which initially makes him a suitable match for them.

**Other Aspects:**
- **Unrequited Love:** One of Colonel Brandon's defining characteristics is his unrequited love for Marianne Dashwood. He falls deeply in love with her, even though she initially pays him little attention due to her infatuation with Willoughby.
- **Past Regrets:** Brandon's backstory involves a tragic past romance with a young woman named Eliza, who was abandoned by his brother. This experience shapes his empathetic and compassionate nature.
- **Honor and Integrity:** Colonel Brandon is a man of great integrity, always striving to do what is right. His loyalty to his friends and his commitment to his principles make him a respected figure in the novel.

**Key Actions:**
- Colonel Brandon's quiet and considerate behavior toward the Dashwood sisters, especially Marianne, highlights his compassionate nature.
- He rescues Marianne when she falls seriously ill after her heartbreak over Willoughby, demonstrating his concern for her well-being.
- Brandon's past connection to Eliza and her child reveals his commitment to honoring his responsibilities, even when faced with adversity.
- His eventual proposal to Marianne showcases his deep and enduring love for her, despite the age difference and her previous infatuation with Willoughby.

In ""Sense and Sensibility,"" Colonel Brandon's character represents maturity and stability. His patient and selfless love for Marianne serves as a contrast to the more impulsive and passionate relationships in the story. His story arc reflects themes of perseverance, personal growth, and the value of true emotional connections."
Mrs. Palmer,Sense and Sensibility,1811,f,"Mrs. Palmer is a secondary character in Jane Austen's novel ""Sense and Sensibility,"" known for her vivaciousness, lack of depth, and tendency to be easily influenced by the opinions of others. Here's a breakdown of her different aspects:

**Physical:**
The novel does not provide an extensive physical description of Mrs. Palmer. Her appearance is not a significant focus in the story.

**Mental:**
Mrs. Palmer is depicted as cheerful and lighthearted but lacking in intellectual depth. She tends to prioritize entertainment and social interactions over serious matters.

**Behavioral:**
Mrs. Palmer's behavior is marked by her gregariousness and willingness to engage in conversation and activities with others. She often speaks impulsively and tends to be guided by her immediate emotions.

**Social:**
Mrs. Palmer is married to Mr. Palmer and occupies a higher social status than the Dashwood sisters. Her social interactions tend to revolve around gatherings and events, reflecting her sociable nature.

**Other Aspects:**
- **Superficiality:** One of Mrs. Palmer's defining traits is her tendency to focus on surface-level matters and trivialities, often overlooking deeper concerns.
- **Lack of Awareness:** She does not appear to be particularly perceptive or insightful when it comes to the feelings and experiences of those around her.
- **Suggestibility:** Mrs. Palmer is easily influenced by the opinions and behaviors of others, often adapting her own thoughts and actions to match those of her peers.

**Key Actions:**
- Mrs. Palmer's impulsiveness and enthusiasm are evident in her interactions with the Dashwood sisters. She is quick to invite them to social events and seems genuinely eager to include them in her circle.
- Her response to Marianne's piano playing and her exaggerated admiration for Willoughby's gallantry highlight her tendency to become absorbed in momentary feelings.
- Mrs. Palmer's reaction to Marianne's illness is characterized by a lack of deeper concern. She expresses sympathy but quickly moves on to discussing other matters.
- Her role in the novel is primarily to provide contrast to characters with more depth, like Elinor and Marianne, and to add a layer of social interaction and entertainment.

In ""Sense and Sensibility,"" Mrs. Palmer's character serves as a representation of shallowness and frivolity. Her interactions with the Dashwood sisters and other characters emphasize the novel's exploration of varying personalities and social dynamics."
George Knightley,Emma,1815,m,"George Knightley is a prominent character in Jane Austen's novel ""Emma,"" known for his integrity, wisdom, and strong moral compass. Here's a breakdown of his different aspects:

**Physical:**
George Knightley is described as a handsome and gentlemanly figure. While his physical appearance is not extensively described, his demeanor and character contribute to his attractiveness.

**Mental:**
Knightley is portrayed as intelligent, perceptive, and well-educated. He possesses a practical understanding of human nature and a keen sense of judgment.

**Behavioral:**
Knightley's behavior is characterized by his straightforwardness, honesty, and sense of responsibility. He is known for speaking his mind openly, even if his opinions are contrary to popular sentiment.

**Social:**
Knightley comes from a wealthy and respected family, and he holds a prominent social position in the community. His standing in society is reflected in his interactions with others and his involvement in local affairs.

**Other Aspects:**
- **Guiding Figure:** Knightley often acts as a moral compass and mentor to the main character, Emma Woodhouse. He provides her with guidance, criticism, and advice to help her grow and mature.
- **Friendship:** Knightley's longstanding friendship with the Woodhouse family, especially with Mr. Woodhouse and Emma, reflects his loyalty and commitment to those he cares about.
- **Community Involvement:** Knightley is actively engaged in local matters and demonstrates a sense of responsibility toward the welfare of the community and its residents.
- **Integrity:** One of Knightley's defining traits is his strong moral integrity. He holds himself and others to high ethical standards and values sincerity and honesty.

**Key Actions:**
- Knightley's candid criticisms of Emma's behavior and meddling serve as a driving force for her personal growth and realization of her own faults.
- He expresses his disapproval of Frank Churchill's behavior, suspecting him of selfishness and manipulation, which later proves to be accurate.
- Knightley's own affection for Emma becomes evident as the story unfolds, and his eventual proposal to her showcases his genuine love and commitment.
- His interactions with Harriet Smith and his insights into her character contribute to the unfolding romantic entanglements in the story.

In ""Emma,"" George Knightley's character embodies wisdom, moral integrity, and the guiding presence that helps shape the development of the other characters. His relationship with Emma is central to the novel's exploration of personal growth, self-awareness, and the complexities of human relationships."
Frank Churchill,Emma,1815,m,"Frank Churchill is a key character in Jane Austen's novel ""Emma,"" known for his charm, charisma, and complex personality. Here's a breakdown of his different aspects:

**Physical:**
The novel doesn't provide an extensive physical description of Frank Churchill. However, he is depicted as attractive and charming, with a presence that draws attention.

**Mental:**
Frank Churchill is portrayed as witty and intelligent, possessing a quick and lively mind. He is skilled at engaging in conversation and can easily adapt to various social situations.

**Behavioral:**
Frank's behavior is marked by his sociability, flirtatiousness, and tendency to enjoy being the center of attention. He is known for his affable and charming demeanor.

**Social:**
Frank Churchill comes from a respectable and affluent background. His social standing is advantageous, and he is well-received in society due to his charm and connections.

**Other Aspects:**
- **Deceptive Nature:** One of Frank's defining traits is his tendency to conceal important information, particularly his secret engagement to Jane Fairfax.
- **Flirtation:** Frank enjoys flirtatious interactions and often uses his charm to win people over, which leads to his reputation as a charmer.
- **Manipulation:** He orchestrates situations to manipulate the perceptions of others, often to achieve his own ends or to divert attention from his engagement to Jane.
- **Hidden Agenda:** Frank's true intentions and feelings are often masked by his playful and jovial facade.

**Key Actions:**
- Frank's arrival in Highbury creates excitement and interest among the residents, including Emma Woodhouse. He quickly establishes himself as a charming and popular figure in the community.
- His flirtatious interactions with Emma lead to speculation about a romantic connection between them, diverting attention from his secret engagement to Jane Fairfax.
- Frank's behavior at the Box Hill picnic, where he makes thoughtless and hurtful remarks, contributes to the novel's unfolding conflicts.
- His true relationship with Jane Fairfax is revealed toward the end of the story, exposing his deceptive behavior and the manipulation he used to keep their engagement a secret.

In ""Emma,"" Frank Churchill's character serves as a source of intrigue and mystery. His manipulative actions and hidden motives contribute to the novel's exploration of misunderstandings, societal expectations, and the consequences of concealing the truth."
Jane Fairfax,Emma,1815,f,"Jane Fairfax is a significant character in Jane Austen's novel ""Emma,"" known for her elegance, reserve, and mysterious past. Here's a breakdown of her different aspects:

**Physical:**
The novel doesn't provide an extensive physical description of Jane Fairfax. However, she is generally depicted as graceful and attractive, with an air of refinement.

**Mental:**
Jane is portrayed as intelligent, talented, and well-educated. She excels in various skills, particularly music and languages, and is known for her accomplishments.

**Behavioral:**
Jane's behavior is marked by her poise, elegance, and emotional reserve. She tends to keep her feelings and thoughts hidden, often displaying a composed exterior.

**Social:**
Jane Fairfax comes from a respectable family background, but her social status is somewhat complicated by her circumstances. She is treated as an equal in the Churchill family due to her connection to them, but her actual financial situation is somewhat precarious.

**Other Aspects:**
- **Secrets:** One of Jane's defining traits is her tendency to keep her true emotions and circumstances hidden from others. Her secretive behavior adds an element of mystery to her character.
- **Talents:** Jane's musical and linguistic talents make her a sought-after companion in social gatherings. Her accomplishments set her apart and make her a figure of admiration.
- **Emotional Struggles:** Despite her composed exterior, Jane faces personal challenges and emotional struggles that she keeps hidden from those around her.
- **Mysterious Past:** Jane's background and connection to the Churchill family are slowly revealed throughout the novel, creating intrigue and adding depth to her character.

**Key Actions:**
- Jane's arrival in Highbury and her interactions with Emma Woodhouse spark curiosity and speculation among the residents, particularly due to her elegant manners and talents.
- She maintains a secretive relationship with Frank Churchill, which contributes to the unfolding plot and misunderstandings.
- Jane's skill in music and her performance at the Coles' party garners admiration and highlights her talents.
- Her eventual engagement to Frank Churchill is revealed, resolving the mysteries surrounding their relationship and providing a satisfying conclusion to her character arc.

In ""Emma,"" Jane Fairfax's character serves as a contrast to the more transparent and outspoken characters. Her elegance, hidden emotions, and complex relationship with Frank Churchill contribute to the novel's exploration of social dynamics, personal secrets, and the complexities of human relationships."
Mrs. Weston,Emma,1815,f,"Mrs. Weston, also known as Miss Anne Taylor before her marriage, is a central character in Jane Austen's novel ""Emma."" She serves as a maternal figure and a voice of reason in the story. Here's a breakdown of her different aspects:

**Physical:**
The novel doesn't provide an extensive physical description of Mrs. Weston. However, she is generally depicted as pleasant-looking and kind, with a warm and inviting demeanor.

**Mental:**
Mrs. Weston is portrayed as sensible, practical, and level-headed. She possesses a good understanding of human nature and often offers sound advice to those around her.

**Behavioral:**
Mrs. Weston's behavior is characterized by her kindness, generosity, and maternal instincts. She genuinely cares for Emma Woodhouse and guides her with wisdom and affection.

**Social:**
Mrs. Weston comes from a respectable family and occupies a comfortable social position. Her status as a married woman elevates her social standing, and she is well-regarded in the community.

**Other Aspects:**
- **Friendship with Emma:** Mrs. Weston's close friendship with Emma, which has been maintained since Emma's childhood, highlights her nurturing and caring nature.
- **Maternal Influence:** Her role as a stepmother to Frank Churchill and a guiding figure in Emma's life showcases her ability to provide emotional support and wise counsel.
- **Marriage:** Mrs. Weston's marriage to Mr. Weston adds a layer of stability to her character. She is content in her marriage and uses her own experiences to offer guidance to others.

**Key Actions:**
- Mrs. Weston's marriage to Mr. Weston is a key event in the novel, bringing her into Emma's life as a friend and maternal figure.
- She supports and encourages Emma's attempts at matchmaking, even though she recognizes Emma's tendency to meddle and offers gentle guidance.
- Mrs. Weston's revelation of Frank Churchill's true identity and connection to Jane Fairfax is a significant plot point, revealing important information to the characters and the readers.
- Her role in the resolution of various misunderstandings and conflicts highlights her wisdom and understanding of human behavior.

In ""Emma,"" Mrs. Weston's character embodies a mix of warmth, wisdom, and guidance. Her influence on the younger characters, particularly Emma, showcases the importance of nurturing relationships and providing support in navigating the complexities of life and relationships."
Emma Woodhouse,Emma,1815,f,"Emma Woodhouse is the titular character in Jane Austen's novel ""Emma,"" known for her wit, intelligence, and well-intentioned but misguided attempts at matchmaking. Here's a breakdown of her different aspects:

**Physical:**
Emma is described as attractive and charming, with a lively and engaging presence. While her physical appearance is not the primary focus of the novel, her beauty and grace are often noted.

**Mental:**
Emma is portrayed as intelligent, imaginative, and quick-witted. She possesses a sharp mind and a talent for understanding human behavior and social dynamics.

**Behavioral:**
Emma's behavior is marked by her confidence, assertiveness, and a tendency to meddle in the romantic lives of others. She often acts on her own judgments and inclinations, which sometimes lead to unintended consequences.

**Social:**
Emma comes from a well-respected family with a comfortable social position. Her status allows her to interact with various members of the community and play a role in shaping social events.

**Other Aspects:**
- **Matchmaking Aspirations:** One of Emma's defining traits is her desire to play matchmaker for her friends and acquaintances. However, her lack of understanding of their true feelings often leads to misunderstandings and complications.
- **Self-Assuredness:** Emma is confident in her opinions and tends to trust her own judgments. This self-assuredness can sometimes border on arrogance and prevent her from recognizing her own faults.
- **Growth and Humility:** As the story progresses, Emma undergoes personal growth and self-awareness. She learns from her mistakes, becomes more attuned to the feelings of others, and develops humility.
- **Friendships:** Emma's relationships with characters like Harriet Smith and Mr. Knightley are central to the plot. Her interactions with them reveal different aspects of her character and contribute to her development.

**Key Actions:**
- Emma's early attempts at matchmaking, such as pairing Harriet Smith with Mr. Elton, highlight her well-meaning intentions but also her lack of understanding of others' emotions.
- Her initial dismissive attitude toward the romantic feelings between Mr. Knightley and herself contrasts with her growing realization of her own affections for him.
- Emma's discovery of Frank Churchill's secret engagement to Jane Fairfax exposes her to the complexities of human relationships and prompts her to reflect on her own role in the lives of those around her.
- Her recognition of her own errors and her eventual humility and growth as a character are evident as she rectifies her mistakes and seeks to mend relationships she had unintentionally disrupted.

In ""Emma,"" the character of Emma Woodhouse serves as a representation of youthful confidence, maturation, and the evolution of self-awareness. Her journey from a well-intentioned but misguided matchmaker to a more empathetic and self-reflective individual underscores the novel's themes of social dynamics, personal growth, and the complexities of love and relationships."
Harriet Smith,Emma,1815,f,"Harriet Smith is a significant character in Jane Austen's novel ""Emma,"" known for her innocence, susceptibility to influence, and her role as a pawn in Emma's matchmaking efforts. Here's a breakdown of her different aspects:

**Physical:**
The novel doesn't provide an extensive physical description of Harriet Smith. However, she is generally portrayed as pleasant-looking and amiable, with a simple and unassuming appearance.

**Mental:**
Harriet is depicted as good-natured but lacking in sophistication and critical thinking. She is easily swayed by others' opinions and lacks the ability to make independent judgments.

**Behavioral:**
Harriet's behavior is marked by her docility and her tendency to conform to the expectations of those around her. She often follows the lead of others, especially Emma, without questioning their motives.

**Social:**
Harriet's social status is lower than Emma's due to her unknown parentage. She is a boarder at a local school, which makes her more vulnerable to Emma's influence.

**Other Aspects:**
- **Innocence:** One of Harriet's defining traits is her innocence and lack of worldly experience. She is easily charmed and impressed by those she sees as her superiors.
- **Susceptibility:** Harriet's lack of confidence and self-assuredness makes her susceptible to the opinions and guidance of others, particularly Emma.
- **Desire for Acceptance:** Harriet yearns for social acceptance and approval, which makes her particularly malleable to the influence of those who offer her friendship and guidance.

**Key Actions:**
- Harriet's initial encounter with Emma and her subsequent introduction into Highbury's social circles set the stage for her relationship with Emma and her journey throughout the novel.
- Emma takes it upon herself to improve Harriet's social status by trying to find her a suitable match, often leading to misunderstandings and complications.
- Harriet's romantic feelings for Mr. Knightley and her crush on various other characters highlight her susceptibility to romantic influence and her tendency to idealize those around her.
- Her eventual connection with Robert Martin, a respectable farmer, demonstrates her capacity for making an independent choice and the positive influence of Emma's guidance becoming more aligned with her best interests.

In ""Emma,"" Harriet Smith's character serves as a vehicle through which the novel explores themes of social class, influence, and the complexity of human relationships. Her growth from a naive and impressionable young woman to a more self-assured individual contributes to the overarching development of the story and its characters."
Captain Frederick Wentworth,Persuasion,1818,m,"**Captain Frederick Wentworth** is the male protagonist of Jane Austen's novel ""Persuasion."" He is a navy officer known for his determination, ambition, and past romantic history with Anne Elliot. Here's a breakdown of his different aspects:

**Physical:**
Captain Wentworth is described as tall, handsome, and possessing a strong and commanding presence. His naval service has given him a confident demeanor.

**Mental:**
He is depicted as intelligent, shrewd, and perceptive. His experiences in the navy have cultivated his strategic thinking and ability to assess situations.

**Behavioral:**
Captain Wentworth's behavior is marked by his professionalism, straightforwardness, and independence. He values direct communication and honesty.

**Social:**
As a successful navy officer, Captain Wentworth holds a respectable social standing. However, his lower social background compared to Anne Elliot becomes a point of contention in their relationship.

**Other Aspects:**
- **Past Heartbreak:** Captain Wentworth's previous engagement to Anne Elliot was broken off due to familial pressure and Anne's family considering him an unsuitable match.
- **Ambition:** His naval career and financial success demonstrate his ambition and determination to rise through the ranks.

**Key Actions:**
- Captain Wentworth's return to the neighborhood of Kellynch Hall, Anne's family estate, after eight years reignites past emotions between him and Anne.
- He initially appears distant and polite towards Anne, reflecting his hurt and resentment from their past separation.
- Captain Wentworth's interactions with other characters, such as the Musgrove sisters, highlight his wit, charm, and his understanding of human nature.
- His passionate declaration of love in a letter to Anne, which she later reads, reveals his enduring affection and his desire to overcome the barriers created by their past.

In ""Persuasion,"" Captain Frederick Wentworth's character is a vessel through which the novel explores themes of second chances, personal growth, and the complexities of love. His interactions with Anne Elliot drive the story's exploration of societal expectations, missed opportunities, and the ultimate resolution of their deep feelings for one another."
Anne Elliot,Persuasion,1818,f,"**Anne Elliot** is the protagonist of Jane Austen's novel ""Persuasion."" She is known for her intelligence, patience, and emotional depth. Here's a breakdown of her different aspects:

**Physical:**
Anne is described as graceful and elegant, though not conventionally beautiful. Her appearance is often overshadowed by her inner qualities.

**Mental:**
She is portrayed as intelligent, thoughtful, and observant. Anne's experiences and reflections give her a mature and perceptive outlook on life.

**Behavioral:**
Anne's behavior is marked by her gentleness, selflessness, and emotional resilience. She tends to put the needs and feelings of others before her own.

**Social:**
Coming from a respectable family, Anne occupies a privileged social position. However, her family's financial struggles impact her social interactions and decisions.

**Other Aspects:**
- **Past Regrets:** Anne's main struggle is her lingering regret over a past decision to break off her engagement with Captain Frederick Wentworth due to family pressures.
- **Emotional Depth:** Her internal thoughts and emotions are richly portrayed, making her one of Austen's most introspective and empathetic heroines.

**Key Actions:**
- Anne's willingness to follow her family's advice and break off her engagement with Captain Wentworth years earlier serves as a pivotal event that shapes her character and the course of the novel.
- She lives with the consequences of her past decision, often suppressing her emotions and personal desires for the sake of family duty.
- Anne's interactions with Captain Wentworth after his return to the neighborhood prompt a series of emotional confrontations, leading to her eventual reconciliation with him.
- Her steadfast support of her friends, such as Mrs. Smith, showcases her compassionate nature and willingness to help others in need.
- Anne's growth throughout the novel involves her asserting her own wishes and desires, ultimately breaking free from societal expectations and pursuing her own happiness.

In ""Persuasion,"" Anne Elliot's character embodies themes of regret, personal growth, and the complexities of love. Her journey of self-discovery, inner strength, and eventual reconciliation with Captain Wentworth forms the heart of the novel's exploration of second chances and the power of enduring emotions."
Louisa Musgrove,Persuasion,1818,f,"**Louisa Musgrove** is a character in Jane Austen's novel ""Persuasion."" She is known for her vivacious and impulsive nature. Here's a breakdown of her different aspects:

**Physical:**
Louisa is described as attractive, energetic, and physically active. Her physicality reflects her exuberant personality.

**Mental:**
While Louisa's mental attributes are not extensively explored, she comes across as lively and open to experiences.

**Behavioral:**
Louisa's behavior is marked by her spontaneity and lack of caution. She often acts on her impulses without fully considering the consequences.

**Social:**
Louisa comes from a respectable family background. She is the sister of Henrietta Musgrove and the daughter of the Musgrove family.

**Other Aspects:**
- **Fickleness:** Louisa's fickle nature is highlighted through her romantic interests. She initially flirts with Captain Frederick Wentworth but later becomes engaged to Captain Benwick after his fiance's death.

**Key Actions:**
- Louisa's energetic behavior at the seaside town of Lyme leads to a dangerous fall from the steps. Her impulsive decision to jump from the steps, encouraged by Captain Wentworth, results in a severe head injury.
- Her accident creates tension and uncertainty in the novel, affecting the relationships between characters and contributing to the exploration of themes such as the consequences of recklessness.

In ""Persuasion,"" Louisa Musgrove's character serves as a contrast to the more reserved and thoughtful Anne Elliot. Louisa's impulsive actions and their repercussions play a role in the unfolding of the plot and contribute to the novel's examination of the consequences of thoughtless behavior and the complexities of human emotions."
Mrs. Croft,Persuasion,1818,f,"**Mrs. Croft** is a supporting character in Jane Austen's novel ""Persuasion."" She is known for her adventurous spirit, practicality, and warm personality. Here's a breakdown of her different aspects:

**Physical:**
The novel does not provide an extensive physical description of Mrs. Croft. However, her vibrant and energetic demeanor reflects her character.

**Mental:**
Mrs. Croft is depicted as intelligent and perceptive. Her experiences as a navy officer's wife have given her a pragmatic and adaptable outlook on life.

**Behavioral:**
Her behavior is marked by her straightforwardness, confidence, and lack of pretension. She is not concerned with social formalities and values genuine connections.

**Social:**
As the wife of Admiral Croft, Mrs. Croft occupies a respectable social position. Her association with the navy community gives her insights into the challenges and rewards of a naval lifestyle.

**Other Aspects:**
- **Adventurous Nature:** Mrs. Croft's willingness to travel and accompany her husband on his naval assignments showcases her adventurous spirit and adaptability.

**Key Actions:**
- Mrs. Croft's arrival in Bath and her interactions with Anne Elliot provide insight into her warm and approachable personality. Her down-to-earth nature stands in contrast to the superficiality of some other characters.
- Her candid conversations with Anne about Captain Frederick Wentworth shed light on his character and his past relationship with Anne, contributing to the novel's exploration of second chances and personal growth.

In ""Persuasion,"" Mrs. Croft's character serves as a positive influence on Anne Elliot. Her practicality, warmth, and lack of pretension contrast with the attitudes of other characters, emphasizing the importance of genuine connections and the value of shared experiences."
Charles Musgrove,Persuasion,1818,m,"**Charles Musgrove** is a character in Jane Austen's novel ""Persuasion."" He is known for his good-natured, affable personality and his role as the brother of Louisa and Henrietta Musgrove. Here's a breakdown of his different aspects:

**Physical:**
The novel does not provide an extensive physical description of Charles Musgrove. However, he is generally portrayed as a hearty and jovial individual.

**Mental:**
Charles is not depicted as highly intellectual, but he is kind-hearted and often sees the best in people. His simplicity adds to his charm.

**Behavioral:**
Charles's behavior is marked by his friendly and easygoing nature. He is typically pleasant and jovial, enjoying the company of those around him.

**Social:**
Charles comes from a respectable family background. He is the heir to the Musgrove family estate and is associated with the country gentry.

**Other Aspects:**
- **Loyalty:** Charles's loyalty to his family is evident through his interactions and his willingness to help and support them.

**Key Actions:**
- Charles's hospitality and warm welcome to Anne Elliot when she visits Uppercross reflect his friendly disposition.
- His good-natured interactions with Anne's family, including his sisters Louisa and Henrietta, contribute to the novel's depiction of family dynamics and relationships.
- Charles's involvement in the various social activities and outings highlights his enjoyment of simple pleasures and his desire to make those around him comfortable.

In ""Persuasion,"" Charles Musgrove's character adds a touch of joviality and warmth to the story. His friendly demeanor and his relationships with other characters, particularly his family members, serve to emphasize the importance of amiable connections and a harmonious family life in the novel's exploration of love, second chances, and societal dynamics."
Lady Russell,Persuasion,1818,f,"**Lady Russell** is a character in Jane Austen's novel ""Persuasion."" She is a close friend and mentor to Anne Elliot, the novel's protagonist. Here's a breakdown of her different aspects:

**Physical:**
The novel does not provide an extensive physical description of Lady Russell. However, her social status and refined demeanor suggest an aristocratic appearance.

**Mental:**
Lady Russell is depicted as intelligent and practical. She is well-regarded in the Elliot family and often sought for her guidance.

**Behavioral:**
Her behavior is marked by her sense of responsibility towards Anne Elliot's well-being. She is protective of Anne and often advises her based on what she believes is best for her.

**Social:**
Lady Russell comes from a respected aristocratic background. Her social standing is higher than that of the Elliots, and her opinions hold weight within their social circle.

**Other Aspects:**
- **Guardian Role:** Lady Russell takes on a maternal and protective role in Anne's life after the death of Anne's mother. She often provides guidance and advice, which shapes Anne's decisions.

**Key Actions:**
- Lady Russell's persuasion years earlier played a significant role in Anne's decision to break off her engagement with Captain Frederick Wentworth. She believed that the match was beneath Anne's social standing.
- Her influence on Anne's past decisions leads to tension between them and forms a central conflict in the novel. Anne regrets her decision to heed Lady Russell's advice, feeling that she sacrificed her own happiness for societal expectations.
- Despite their differences, Lady Russell genuinely cares for Anne's well-being and remains an important figure in her life. Her concern for Anne's future drives her actions throughout the story.

In ""Persuasion,"" Lady Russell's character serves as a catalyst for the events of the novel. Her well-intentioned advice and influence on Anne's decisions contribute to the exploration of themes such as social expectations, personal growth, and the consequences of choices. The tension between Anne's loyalty to Lady Russell and her own desires adds depth to the story's exploration of love and second chances."
William Elliot,Persuasion,1818,m,"**William Elliot** is a character in Jane Austen's novel ""Persuasion."" He is a distant cousin of the Elliot family and plays a significant role in the story's plot. Here's a breakdown of his different aspects:

**Physical:**
The novel describes William Elliot as an attractive and well-presented man. His appearance is refined, which aligns with his desire to make a good impression.

**Mental:**
While not extensively explored, William Elliot is depicted as intelligent and calculating. He is strategic in his interactions and motivations.

**Behavioral:**
His behavior is marked by his charm and apparent politeness. He is skilled at presenting a favorable facade to others.

**Social:**
William Elliot comes from a respectable background, but his estrangement from the Elliot family creates tension. His social standing is comparable to that of the Elliots.

**Other Aspects:**
- **Self-Interest:** William Elliot's actions are primarily motivated by self-interest. He seeks to inherit Sir Walter Elliot's estate and wealth by marrying Anne Elliot, his cousin.

**Key Actions:**
- William's return to the Elliot family is shrouded in mystery and suspicion. His sudden interest in reconnecting with the Elliots, particularly Anne, raises questions about his true intentions.
- He pursues Anne Elliot's affection in an effort to secure his inheritance. His proposal to Anne is calculated and driven by his desire for financial gain.
- Anne's initial skepticism towards William's motives is validated when she discovers his history of mistreating her friend, Mrs. Smith, and his manipulation of her affairs for personal gain.
- His true nature and intentions are gradually revealed, and his deceitful actions serve as a contrast to the sincere and honorable Captain Frederick Wentworth.

In ""Persuasion,"" William Elliot's character serves as an antagonist whose actions drive a significant portion of the plot. His manipulation, selfishness, and pursuit of personal gain contrast with the novel's themes of love, integrity, and the importance of genuine connections. His role highlights the complexity of human motivations and the consequences of deceit in Austen's world."
Elizabeth Elliot,Persuasion,1818,f,"**Elizabeth Elliot** is a character in Jane Austen's novel ""Persuasion."" She is the eldest daughter of Sir Walter Elliot and is known for her vanity, social ambitions, and concern for her appearance. Here's a breakdown of her different aspects:

**Physical:**
Elizabeth Elliot is described as attractive and conscious of her appearance. She places great importance on maintaining her beauty and elegance.

**Mental:**
While not portrayed as particularly intellectual, Elizabeth is preoccupied with her social status and securing advantageous matches.

**Behavioral:**
Her behavior is marked by her vanity and desire to be admired by society. She seeks validation and flattery from others.

**Social:**
Elizabeth comes from an aristocratic background and values her social standing. She seeks connections that will elevate her status further.

**Other Aspects:**
- **Insecurity:** Despite her outward confidence, Elizabeth's behavior stems from her underlying insecurity about her position in society.

**Key Actions:**
- Elizabeth's vanity and concern for her appearance lead her to focus on her looks and to be overly conscious of her social interactions.
- She initially pursues an advantageous match with her cousin Mr. William Elliot to maintain her social status. Her motivations are driven by her desire for financial security and social recognition.
- Her interactions with Anne Elliot reveal her self-centeredness and lack of genuine concern for others.
- Over the course of the novel, Elizabeth's focus on appearances and social aspirations contrast with Anne's growth and inner qualities.

In ""Persuasion,"" Elizabeth Elliot serves as a foil to Anne Elliot's character. Her preoccupation with superficiality and social ambition highlights the novel's exploration of values, personal growth, and the impact of societal pressures. Elizabeth's actions contribute to the examination of the consequences of such attitudes in a world where true character and integrity hold greater significance."
Sir Walter Elliot,Persuasion,1818,m,"**Sir Walter Elliot** is a character in Jane Austen's novel ""Persuasion."" He is the father of Anne Elliot and her sisters and is known for his vanity, obsession with appearances, and self-centeredness. Here's a breakdown of his different aspects:

**Physical:**
Sir Walter Elliot is described as a handsome man who is proud of his appearance. He values his looks and takes great care to maintain his image.

**Mental:**
While not depicted as particularly intellectual, Sir Walter is preoccupied with his own importance and views himself as a figure of high status.

**Behavioral:**
His behavior is marked by his extreme vanity and self-absorption. He often engages in self-praise and is dismissive of those he considers beneath him.

**Social:**
Sir Walter comes from an aristocratic background and places great importance on his social status. He associates with those who can elevate his standing.

**Other Aspects:**
- **Shallow Values:** Sir Walter's focus on appearances and social standing makes him blind to the true worth of people and the significance of genuine connections.

**Key Actions:**
- Sir Walter's obsession with his own image leads him to neglect his financial responsibilities and spend recklessly, resulting in financial difficulties for the family.
- He initially opposes Anne's rekindled relationship with Captain Frederick Wentworth due to the latter's lower social standing and lack of wealth.
- His dismissive attitude towards those he deems less important or lower in rank contributes to the negative portrayal of his character.
- Over the course of the novel, Sir Walter's character serves as a cautionary example of the consequences of vanity and misplaced priorities.

In ""Persuasion,"" Sir Walter Elliot's character serves as a satirical portrayal of the shallowness and self-absorption that can result from excessive vanity and preoccupation with appearances. His actions contribute to the exploration of themes such as societal pressures, the importance of inner qualities, and the pitfalls of valuing surface-level attributes over true substance."
Mary Musgrove,Persuasion,1818,f,"**Mary Musgrove** is a character in Jane Austen's novel ""Persuasion."" She is the middle Musgrove sister and known for her hypochondriac tendencies, self-centeredness, and attention-seeking behavior. Here's a breakdown of her different aspects:

**Physical:**
The novel does not provide an extensive physical description of Mary Musgrove. However, her behavior and personality are more emphasized than her physical appearance.

**Mental:**
Mary is depicted as self-centered and prone to exaggerating her own ailments. She often seeks attention and sympathy from those around her.

**Behavioral:**
Her behavior is marked by her hypochondria and her habit of making herself the center of attention. She tends to be melodramatic and often complains about her health.

**Social:**
Mary comes from a respectable family background, but her self-centered nature can make her difficult to get along with.

**Other Aspects:**
- **Need for Attention:** Mary's constant need for attention and validation is a central aspect of her character. She often manipulates situations to make herself the focus.

**Key Actions:**
- Mary's hypochondria and dramatic tendencies lead to her frequent complaints about her health. She often uses these complaints to manipulate her family members and attract their attention.
- Her behavior during her visit to Uppercross, particularly her demands for comfort and attention, highlights her self-centered nature and her tendency to overshadow others.
- Mary's interactions with her sister Anne Elliot reveal her petulance and resentment, as she feels overshadowed by Anne's qualities and accomplishments.
- Her manipulative behavior creates tension within the Musgrove family and contributes to the novel's exploration of family dynamics and personal growth.

In ""Persuasion,"" Mary Musgrove's character serves as a source of humor and a representation of the challenges that come with self-centeredness and a need for constant validation. Her interactions with other characters, particularly her sister Anne, provide insights into the dynamics of relationships and the impact of differing personalities within a family context."
Mrs. Clay,Persuasion,1818,f,"**Mrs. Clay** is a character in Jane Austen's novel ""Persuasion."" She is a widow and known for her cunning and opportunistic nature. Here's a breakdown of her different aspects:

**Physical:**
The novel does not provide an extensive physical description of Mrs. Clay. However, her behavior and motivations are more emphasized than her physical appearance.

**Mental:**
Mrs. Clay is depicted as manipulative and calculating. She uses her charm and flirtatious behavior to pursue her own interests.

**Behavioral:**
Her behavior is marked by her willingness to manipulate situations to her advantage. She often seeks opportunities to ingratiate herself with others, particularly Sir Walter Elliot.

**Social:**
Mrs. Clay's social standing is not as elevated as that of the Elliots, but she is keen to improve her situation through strategic relationships.

**Other Aspects:**
- **Opportunism:** Mrs. Clay's primary motivation is to secure her future by marrying into a higher social class and achieving financial security.

**Key Actions:**
- Mrs. Clay's attempts to ingratiate herself with Sir Walter Elliot, Anne's father, raise suspicions about her true intentions. She appears to be pursuing a romantic relationship with him to secure her future.
- Her flirtatious behavior and efforts to gain Sir Walter's attention create tension within the Elliot family, particularly between Anne and her father.
- Mrs. Clay's actions contribute to the novel's exploration of societal expectations, motivations, and the contrast between genuine connections and opportunistic relationships.

In ""Persuasion,"" Mrs. Clay's character serves as a representation of opportunism and the consequences of pursuing personal gain without genuine feelings. Her interactions with other characters, particularly her relationship with Sir Walter Elliot, contribute to the exploration of themes such as vanity, social ambition, and the complexity of human relationships."
James Benwick,Persuasion,1818,m,"**James Benwick** is a character in Jane Austen's novel ""Persuasion."" He is a navy officer who is known for his introspective and melancholic nature. Here's a breakdown of his different aspects:

**Physical:**
The novel does not provide an extensive physical description of James Benwick. His personality and inner thoughts are more emphasized than his physical appearance.

**Mental:**
Benwick is depicted as thoughtful and introspective. He often contemplates deeper questions and is drawn to literature and poetry.

**Behavioral:**
His behavior is marked by his melancholic demeanor, which is a result of his grief over the loss of his fiance.

**Social:**
As a navy officer, Benwick occupies a respected social position. His experiences in the navy have shaped his outlook on life.

**Other Aspects:**
- **Grief and Loss:** Benwick's character is deeply affected by the death of his fiance, which contributes to his introspective and melancholic nature.

**Key Actions:**
- James Benwick's interactions with Louisa Musgrove after her accident in Lyme bring him into contact with the characters in the novel.
- His contemplative and literary nature resonates with Anne Elliot, as they both share an appreciation for reading and introspection.
- His presence in the story highlights the theme of loss and the different ways characters cope with grief.
- Benwick's eventual engagement to Louisa Musgrove after her recovery serves as a testament to his ability to move forward and find happiness despite his past sorrow.

In ""Persuasion,"" James Benwick's character provides a contrast to other characters and adds depth to the novel's exploration of themes such as loss, personal growth, and the impact of past experiences on individuals. His interactions with Anne Elliot and his eventual happiness with Louisa Musgrove serve as examples of resilience and the potential for healing and moving forward after facing tragedy."
Lady Dalrymple,Persuasion,1818,f,"**Lady Dalrymple** is a minor character in Jane Austen's novel ""Persuasion."" She is a member of the aristocracy and represents a world of social status and formality. Here's a breakdown of her different aspects:

**Physical:**
The novel does not provide an extensive physical description of Lady Dalrymple. Her social standing and interactions with others are more emphasized.

**Mental:**
While not extensively explored, Lady Dalrymple's character reflects the attitudes and manners of the upper class during the Regency period.

**Behavioral:**
Her behavior is marked by her adherence to social etiquette and formality. She values appearances and is concerned with maintaining her status.

**Social:**
Lady Dalrymple occupies a high social position as a member of the aristocracy. Her status influences her interactions and associations.

**Other Aspects:**
- **Representative of the Aristocracy:** Lady Dalrymple's character represents the world of high society and serves as a contrast to the more genuine and relatable characters in the novel.

**Key Actions:**
- Lady Dalrymple's visit to Bath creates a social event that draws the attention of many residents, including the Elliots. Her presence adds an air of formality and social hierarchy to the setting.
- Her interactions with Sir Walter Elliot and Anne Elliot highlight the distinctions between the upper class and other social groups. Her manner and conversation emphasize the importance of propriety and social standing.

In ""Persuasion,"" Lady Dalrymple's character serves to highlight the social dynamics and class distinctions of the time period. Her actions and interactions with other characters provide a glimpse into the world of the aristocracy and contribute to the novel's exploration of societal expectations and values."