name,novel,publishing year,gender,description
Werther,The Sorrows of Young Werther,1774,m,"Werther is the central character in Johann Wolfgang von Goethe's novel ""The Sorrows of Young Werther."" Here's a comprehensive description of his character, considering the provided information and additional context from the given description:

Physical Appearance:
While the novel doesn't provide a detailed physical description of Werther, he can be imagined as a young man in his early twenties, with a passionate and expressive demeanor.

Mental and Emotional Traits:
Werther is characterized by his deeply subjective worldview and intense self-absorption. He prioritizes his emotional perception of the world over rationality and seeks personal freedom.

Behavioral Aspects:

Subjective Perception: Werther's perspective is highly subjective, and he often interprets events and interactions based on his own intense emotions. He disregards societal norms and traditions that restrict his emotional expression.

Rejection of Restraint: He rejects the advice of his friend Wilhelm and his mother to restrain his feelings for Lotte. His emotions drive him to pursue what he desires, regardless of external advice.

Artistic Expression: Werther expresses his connection to nature and his emotions through art, particularly drawing. However, he abandons this artistic pursuit due to his belief that it cannot adequately capture the depth of his feelings.

Emphasis on Emotions: His actions are guided by his heart, and his intense emotions govern his decisions. His love for Lotte consumes his thoughts and actions, leading him to disregard other aspects of life.

Social Context:
Werther stands apart from society due to his rejection of conventional norms and his deep focus on his emotions. His interactions with others are marked by his emotional intensity, which sometimes isolates him from those around him.

Key Actions:

Love for Lotte: Werther falls deeply in love with Lotte, a woman engaged to another man. His love for her becomes all-encompassing and blinds him to other aspects of life.

Recklessness: His impulsive and emotional nature leads him to make reckless decisions. He disregards social conventions and boundaries, pursuing his desires without considering the consequences.

Descent into Despair: As his love for Lotte remains unfulfilled and she marries another man, Werther's emotional turmoil intensifies. He becomes consumed by despair, leading to thoughts of suicide.

Isolation: Werther becomes increasingly isolated due to his inability to connect with others on a meaningful level. His overwhelming emotions create a barrier between him and the rest of society.

Tragic Ending: The novel's climax sees Werther's mental state deteriorating to a critical point. His inability to cope with his unrequited love and his isolation culminate in his tragic decision to take his own life.

Goethe's portrayal of Werther reflects the Romantic movement's focus on intense emotions and the individual's inner world. Werther's inability to find solace and his tragic end underscore the theme of the tormented artist struggling to reconcile emotional intensity with societal constraints."
Charlotte,The Sorrows of Young Werther,1774,f,"Lotte is a central character in Johann Wolfgang von Goethe's novel ""The Sorrows of Young Werther."" Here's a comprehensive description of her character, considering the provided information and additional context from the given description:

Physical Appearance:
Lotte is described as a young woman of pleasant appearance. While the novel doesn't provide an elaborate physical description, she is generally envisioned as a kind and gentle figure.

Mental and Emotional Traits:
Lotte is characterized by her selflessness, strong sense of duty, and caring nature. She contrasts sharply with the intensely self-absorbed Werther.

Behavioral Aspects:

Caregiver: Lotte takes on the responsibility of caring for her eight younger siblings after her mother's death. Her nurturing nature and ability to handle family responsibilities showcase her selflessness.

Community-Minded: Lotte's sense of community is evident in her ability to diffuse tense situations and bring people together. For example, she engages a fearful ballroom gathering with games during a thunderstorm.

Appreciation for the Arts: Lotte has an appreciation for artistic pursuits such as music and literature, highlighting her well-rounded interests and cultural awareness.

Torn Emotions: Lotte experiences conflicting emotions. While she has feelings for Werther, they are not as intense as his feelings for her. Simultaneously, she values her engagement and later marriage to Albert, which compels her to reject Werther's advances.

Protective Measures: Lotte is keen on safeguarding her engagement and marriage to Albert. This prompts her to gradually distance herself from Werther, as she senses the depth of his feelings and the potential danger they pose.

Concern for Werther: Lotte becomes increasingly worried about Werther's emotional state. She correctly senses that he might be contemplating self-harm and is torn between trying to support him and distancing herself to prevent exacerbating his pain.

Social Context:
Lotte is deeply rooted in her family and community. Her responsibilities and concerns for her family's well-being shape her interactions and decisions.

Key Actions:

Caring for Siblings: After her mother's death, Lotte takes on the role of caregiver for her younger siblings, highlighting her selfless and nurturing nature.

Engagement and Marriage: Lotte's engagement to Albert and subsequent marriage represent her commitment to societal norms and the duties they entail.

Navigating Feelings: Lotte's efforts to manage her feelings for Werther while honoring her commitment to Albert showcase her moral integrity and inner conflict.

Attempt to Protect Werther: Despite her own feelings, Lotte attempts to protect Werther from the emotional turbulence that their relationship could cause.

Impact of Werther's Suicide: Werther's suicide deeply affects Lotte, as she had feared his self-destructive tendencies. The realization of his tragic end weighs heavily on her.

Lotte's character serves as a stark contrast to Werther's intense individualism. Her focus on family, community, and duty demonstrates her resilience and ability to navigate complex emotions within societal boundaries."
Albert,The Sorrows of Young Werther,1774,m,"Albert is a significant character in Johann Wolfgang von Goethe's novel ""The Sorrows of Young Werther."" Here's a comprehensive description of his character, considering the provided information and additional context from the given description:

Physical Appearance:
While the novel doesn't provide a detailed physical description of Albert, he is generally portrayed as a composed and level-headed man.

Mental and Emotional Traits:
Albert is characterized by his calm and determined nature, qualities that Werther initially views in a positive light, despite their contrast with his own passionate and impulsive demeanor.

Behavioral Aspects:

Rational and Composed: Albert is depicted as a rational and composed individual. He values stability and routine, traits that provide a sense of security to Lotte and her family.

Friendship with Werther: Initially, Albert and Werther form a friendship. Their interactions are friendly and cordial, although their differences become evident over time.

Value of Moral Principles: Albert holds strong moral principles and societal values, including a firm stance against suicide. He adheres to established norms and expects others to do the same.

Handling of Conflict: Despite differences with Werther, Albert manages conflicts with composure. He requests Lotte to distance herself from Werther but doesn't react in an overly emotional or confrontational manner.

Social Context:
Albert represents the embodiment of societal norms and conventions. He values duty, family, and moral standards, and his behavior is largely governed by these principles.

Key Actions:

Engagement to Lotte: Albert's engagement to Lotte marks the beginning of his significant role in the story. His commitment to Lotte reflects his adherence to societal expectations.

Friendship with Werther: Albert's amicable relationship with Werther initially serves as a contrast to Werther's more intense emotions. The two men share respectful interactions.

Moral Disagreement: A fundamental disagreement between Albert and Werther emerges regarding the morality of suicide. While Werther views subjective perceptions as more important, Albert adheres to societal morality and principle.

Breakdown of Friendship: The friendship between Albert and Werther begins to strain due to the growing intensity of Werther's feelings for Lotte. It ultimately collapses when Werther's behavior crosses boundaries.

Rational Handling: Even after the breakdown of their friendship, Albert maintains a composed and rational demeanor. He avoids discussing Werther with Lotte, and though he asks her to sever ties with Werther, he responds calmly when he learns of their continued contact.

Gun Loan: When Werther requests Albert's revolver, Albert provides it without probing further. This act might indicate a degree of trust or an assumption that Werther wouldn't go through with self-harm.

Albert's character is significant in the novel for embodying the societal norms and values that are in direct contrast to Werther's intense emotions and individualistic outlook. While initially cordial, the tension between their worldviews eventually leads to the dissolution of their friendship and plays a key role in the unfolding tragedy."
Wilhelm Meister,Wilhelm Meister's Apprenticeship,1795,m,"Wilhelm Meister is the central character in Johann Wolfgang von Goethe's novel ""Wilhelm Meister's Apprenticeship."" He undergoes a significant journey of personal growth and self-discovery throughout the novel. Here is a description of Wilhelm Meister from various aspects:

Physical Aspect:
Wilhelm Meister is described as a young man with a fervent spirit and an attractive appearance. While specific physical details might not be extensively detailed in the novel, his appearance likely aligns with the characteristics of a protagonist in a Romantic-era work.

Mental and Behavioral Aspects:

Artistic Aspirations: At the beginning of the novel, Wilhelm is portrayed as having a strong inclination towards the arts, particularly the theater. He has a deep interest in acting and a desire to engage with the world of performance.

Emotional Depth: Wilhelm experiences profound emotions, especially in his relationships with women like Mariane and Natalie. His emotional depth is evident in his passionate interactions and contemplations.

Curiosity and Openness: Wilhelm's curiosity about the world and his openness to new experiences drive him to leave his father's business and venture into the world of theater and performance.

Development and Transformation: Over the course of the novel, Wilhelm undergoes significant personal development. He evolves from a young man driven by passion to someone who gains a deeper understanding of life's complexities and matures emotionally and intellectually.

Social Aspect:
Wilhelm's social interactions play a crucial role in his journey:

Relationships: His relationships with various women, including Mariane, Natalie, Philine, and Mignon, contribute to his emotional growth and provide insight into different aspects of love and desire.

Mentors and Guides: Figures like Felix, Serlo, and Jarno serve as mentors, offering guidance and advice that shape Wilhelm's decisions and worldview.

Friendships: His friendship with characters like Werner and Felix influences his choices and decisions throughout the novel.

Key Actions and Plot Development:

Initial Love Interests: Wilhelm's relationships with Mariane and Natalie in the early part of the novel reflect his romantic inclinations and his pursuit of emotional fulfillment.

Encounter with Theater: Wilhelm's encounters with the world of theater lead him to explore his artistic passions and ambitions. His interactions with theater professionals like Serlo and Melina expose him to the complexities of the performing arts.

Father's Disapproval: Wilhelm's father disapproves of his artistic interests, creating tension between their contrasting views on life and ambition.

Search for Identity: Wilhelm's search for identity and purpose drives him to leave behind conventional paths and embark on a journey of self-discovery.

Involvement with Secret Society: His involvement with a secret society, introduced by Jarno and Merkur, represents his quest for higher ideals and personal growth.

Parental Revelation: Learning about his true relationship with Felix and the revelation about Mariane's past reshapes Wilhelm's understanding of his life and responsibilities.

Love and Loss: The emotional challenges posed by the deaths of Mariane, Aurelia, and Mignon, as well as the complexities of relationships, contribute to Wilhelm's emotional maturation.

In ""Wilhelm Meister's Apprenticeship,"" Goethe presents Wilhelm Meister as a multi-dimensional character who undergoes a transformative journey marked by emotional experiences, artistic pursuits, and a quest for meaning and self-discovery."
Lothario,Wilhelm Meister's Apprenticeship,1795,m,"Lothario is a significant character in Johann Wolfgang von Goethe's novel ""Wilhelm Meister's Apprenticeship."" Here's a comprehensive description of Lothario based on the provided information:

Physical Appearance:
Lothario's physical appearance isn't explicitly described in the given text. However, he is referred to as a Baron and a nobleman, suggesting that he likely possesses an aristocratic demeanor.

Mental and Behavioral Aspects:

Lothario is presented as a complex character who has had a romantic involvement with different women, including Aurelie and Natalie.
He seems to have a complicated emotional life, having left Aurelie to marry her sister, Therese.
Lothario's behavior reflects a sense of restlessness and an inclination toward passionate love affairs.
He has been involved in duels and has been wounded due to his love affairs, indicating a certain degree of impulsivity.
Social and Relationships:

Lothario has been romantically connected to both Aurelie and Natalie, who are sisters.
He is linked to the noble social class, as evidenced by his title of ""Baron.""
His relationships with women, especially his romantic escapades, create complications and conflicts within the story's social dynamics.
Key Actions:

Lothario's involvement with Aurelie leads to significant consequences, including her death, and the care of her son, Felix.
He marries Therese after overcoming certain obstacles, and their union is seen as a solution to a previous problem.
His interactions with the protagonist, Wilhelm, showcase his complex emotional nature and offer insights into his character.
Lothario's relationships with both Aurelie and Natalie contribute to the emotional tension in the narrative.
Role in the Story:
Lothario's character plays a crucial role in the novel's exploration of love, relationships, and the interconnectedness of characters' lives. His romantic history with different women contributes to the plot's twists and turns. Lothario's actions and choices reflect the novel's themes of passion, duty, and the complexities of human emotions.

Overall, Lothario is a multi-dimensional character who adds depth to the novel's exploration of human relationships, emotions, and societal expectations. His romantic entanglements and interactions with other characters serve as significant plot points, further highlighting the intricate nature of the narrative."
Marianne,Wilhelm Meister's Apprenticeship,1795,f,"Marianne is a central character in Johann Wolfgang von Goethe's novel ""Wilhelm Meister's Apprenticeship."" She plays a significant role in Wilhelm's life, particularly in the earlier parts of the novel. Here's a description of Marianne based on the provided information:

Physical Aspects:
Marianne is described as a young and beautiful actress, possessing physical charms that captivate those around her. Her appearance evokes strong emotions and attraction from Wilhelm and others.

Mental and Emotional Aspects:
Marianne is deeply in love with Wilhelm, and her heart belongs to him. Despite receiving gifts from Norberg, a wealthy merchant who adores her, Marianne's true affection is reserved for Wilhelm. She shares a genuine emotional bond with him, and this love fuels her actions and decisions.

Behavioral Traits:
Marianne's behavior is driven by her love for Wilhelm. She is affectionate and devoted to him, which is evident in their passionate greetings and interactions. Her feelings for Wilhelm are so intense that she chooses him over Norberg, even though Norberg is financially better off.

Social Context:
Marianne is part of the theater world, which forms a significant backdrop of the novel. She is an actress, and her association with the theater exposes her to a certain lifestyle and social circle. Her relationships with Wilhelm, Norberg, and others within this circle shape her social interactions.

Key Actions:

Receiving Gifts from Norberg: Marianne receives gifts, including a white negligee, from Norberg, who is infatuated with her. However, her heart belongs to Wilhelm.

Expressing Love for Wilhelm: Marianne's heart belongs to Wilhelm, and she passionately loves him despite the attention she receives from Norberg.

Embracing Wilhelm's Affection: Marianne responds to Wilhelm's affection with warmth and passion, openly expressing her love for him.

Being Torn Between Wilhelm and Norberg: Marianne's love for Wilhelm clashes with Norberg's interest in her, creating a conflict within her heart.

Facing Revelations: Marianne's secret relationship with Wilhelm is threatened when he witnesses her interactions with another admirer. This revelation deeply affects their relationship.

Significance to the Story:
Marianne serves as an embodiment of love and devotion in Wilhelm's life. Her emotional connection with Wilhelm illustrates the complex nature of human relationships and emotions. Her character highlights the theme of choice between emotional fulfillment and material comfort. Marianne's actions and decisions set the stage for Wilhelm's journey of self-discovery and growth throughout the novel."
Felix,Wilhelm Meister's Apprenticeship,1795,m,"In Johann Wolfgang von Goethe's novel ""Wilhelm Meister's Apprenticeship,"" the character Felix plays a significant role, encompassing various aspects in terms of physical, mental, behavioral, social, and other traits. Here's a detailed description of Felix and his key actions:

Physical Description:
Felix is described as a lively and active boy with an expressive demeanor. His appearance is not heavily detailed, but his youthfulness and energy are evident in the way he interacts with others.

Mental and Behavioral Aspects:
Felix possesses a youthful innocence and curiosity. He is open and trusting, which makes him susceptible to being manipulated by those around him. His actions are driven by his genuine emotions and attachment to the people who care for him.

Social Connections:
Felix's parentage is initially a mystery, leading to confusion about his true origins. It is later revealed that he is the son of Mariane and Wilhelm. Felix's relationship with Wilhelm is complicated due to the circumstances of his birth and his early separation from his parents. He is cared for by various characters throughout the story.

Key Actions:

Introduction and Background: Felix is introduced as a young boy of uncertain parentage. It is later revealed that Mariane, a young actress, is his mother, and Wilhelm is his father. His birth is the result of their relationship.

Guardianship by Aurelie: After his birth, Felix is taken under the care of Aurelie, who believes him to be Lothario's child. This misconception creates emotional complications within the story.

Barbara's Manipulation: Barbara, a cunning servant, orchestrates a deception to make it seem as though Felix is Lothario's child. This manipulation contributes to the confusion surrounding Felix's parentage.

Reunion with Wilhelm: Eventually, Felix is reunited with Wilhelm, who learns the truth about his parentage. This reunion is a significant turning point in the story.

Emotional Impact: Felix's innocence and his relationship with various characters, particularly with Mignon and Wilhelm, evoke emotional responses from readers and other characters.

Threat to Felix's Life: There is an incident where Felix's life is endangered due to poisoning. The circumstances surrounding this event reveal the darker aspects of some characters' intentions.

Influence on Characters: Felix's presence in the story influences the decisions and actions of other characters, especially Wilhelm and those who care for him.

Resolution: The story concludes with the revelation of Felix's true parentage, bringing a sense of resolution to the emotional turmoil surrounding his identity.

Felix's character serves as a catalyst for exploring themes of love, family, deception, and innocence. His interactions with other characters and his role in the plot contribute to the development of the overarching narrative in ""Wilhelm Meister's Apprenticeship."""
Natalie,Wilhelm Meister's Apprenticeship,1795,f,"Natalie is a key character in Johann Wolfgang von Goethe's novel ""Wilhelm Meister's Apprenticeship."" She plays a significant role in the story, impacting the lives of other characters and influencing the overall plot. Here's a description of Natalie based on the provided novel description:

Physical Description:
Natalie is described as having a calm and gentle appearance. She possesses an aura of quiet elegance, which is reflected in her mannerisms and overall demeanor. While specific physical details might not be extensively provided, her presence exudes grace and charm.

Mental and Emotional Aspects:
Natalie is depicted as a thoughtful and introspective character. She possesses a deep emotional depth and exhibits a certain melancholic wisdom. Her ability to understand the complexities of human relationships and her willingness to listen and empathize make her a trusted confidante for those around her.

Behavioral Traits:
Natalie's behavior is characterized by her serene and composed nature. She tends to be reserved in her actions and words, reflecting a sense of inner contemplation. Her interactions with other characters are marked by genuine kindness and a sincere desire to offer solace or guidance when needed.

Social Role:
Natalie is a member of the aristocracy, belonging to a family that holds a significant social position. Her connections and relationships have an impact on the lives of other characters, and she plays a pivotal role in shaping the romantic and emotional dynamics of the story.

Key Actions:

Influence on Other Characters: Natalie's presence influences the decisions of several characters, particularly Wilhelm. Her interactions with Wilhelm and her involvement in his life lead to significant shifts in his aspirations and relationships.

Connection with Wilhelm: Natalie is romantically linked to Wilhelm. Her relationship with him evolves throughout the novel, affecting Wilhelm's choices and personal growth. Their connection is marked by a mixture of deep emotions and intellectual exchanges.

Comfort and Guidance: Natalie serves as a source of comfort and guidance for Wilhelm and other characters. Her ability to offer insights and wisdom in times of uncertainty or distress contributes to her importance in the story.

Tragic Circumstances: Natalie's tragic past, including her involvement in a complicated love affair, adds depth to her character. This background shapes her perspectives and interactions, making her a more multidimensional figure.

Love Triangle: Natalie's presence contributes to the development of a love triangle involving Wilhelm, Mariane, and herself. This dynamic introduces conflict and tension to the story, highlighting the emotional struggles faced by the characters.

Catalyst for Resolution: In some aspects of the story, Natalie's presence helps resolve conflicts and misunderstandings. Her role in guiding characters toward understanding and acceptance is crucial in the narrative's resolution.

Symbolism of Beauty and Tranquility: Natalie's character symbolizes beauty, serenity, and a certain purity. Her presence contrasts with the turmoil and complexities in the lives of other characters, representing a calming force within the story.

Natalie's character contributes to the novel's exploration of themes such as love, identity, personal growth, and the pursuit of one's aspirations. Her interactions with other characters drive the plot forward and provide insight into the emotional landscapes of the individuals around her."
Eduard,Elective Affinities,1809,m,"Eduard in Johann Wolfgang von Goethe's novel ""Elective Affinities"" is a complex character with various aspects that shape his personality, behavior, and interactions within the story.

Physical Aspect:
While the physical appearance of Eduard is not extensively described in the provided information, he comes from a noble background and is quite wealthy. This social standing likely implies a certain level of refinement and elegance in his appearance.

Mental and Behavioral Aspects:
Eduard is portrayed as an impulsive and emotionally-driven individual. He tends to act based on his instincts and feelings rather than carefully calculated decisions. This impulsivity is highlighted by his willingness to make decisions based on his emotions, even if they challenge societal norms or conventions. His tendency to follow his heart often leads him into situations that are morally complex.

He is also depicted as someone who retains a childlike quality, which attracts Ottilie, the younger character in the story. This suggests that Eduard has a sense of youthful energy and enthusiasm that makes him engaging to others.

Social Aspect:
Eduard's noble heritage and substantial wealth give him a high social status. He is well-regarded within his social circle due to his background, financial standing, and presumably his charismatic personality. This social standing plays a role in the choices he makes and the relationships he forms, as his actions are often influenced by the expectations of his social class.

Key Actions:

Eduard's decision to offer shelter and assistance to the Hauptmann (Captain) when the latter is in need showcases his generosity and compassion. This decision stems from their deep friendship and shared name.
His emotional and impulsive nature is demonstrated through his romantic involvement with Charlotte, who is already married. This choice challenges societal norms and puts him in a morally complex situation.
Eduard's tendency to act on his feelings becomes a driving force in the unfolding of the story's intricate web of relationships, leading to conflicts and complications.
Despite his impulsive behavior, Eduard's emotions are genuine, and he forms strong connections with those around him.
In contrast to his friend, the Hauptmann, who demonstrates discipline, rationality, and the ability to control his emotions, Eduard's emotional nature makes him more vulnerable to the complexities of his desires and relationships. The tensions arising from his choices contribute to the exploration of themes such as morality, duty, and the consequences of impulsive actions in the novel ""Elective Affinities."""
Charlotte,Elective Affinities,1809,f,"Charlotte, a central character in Johann Wolfgang von Goethe's novel ""Elective Affinities,"" possesses a complex blend of qualities that shape her role in the story and her interactions with other characters.

Physical Aspect:
The provided information does not include a detailed physical description of Charlotte. However, given her societal role and the time period of the novel, she is likely depicted as a mature woman of elegance and poise, reflecting her status as a wife and hostess.

Mental and Behavioral Aspects:
Charlotte's character is marked by a sense of duty, rationality, and self-sacrifice. Her decisions are often driven by practical considerations and the well-being of those around her. She is willing to set aside her own desires for the sake of maintaining stability and harmony in her marriage with Eduard.

Charlotte's actions are guided by a sense of responsibility, especially when it comes to taking care of Ottilie, her young niece. She provides guidance and support for Ottilie, acting as a role model and mentor.

Social Aspect:
As a married woman, Charlotte is financially secure due to her marriage to Eduard. Her societal status and the expectations of her role in the household influence her decisions and actions.

Key Actions:

Charlotte's decision to prioritize her marriage with Eduard over pursuing a romantic relationship with the Hauptmann demonstrates her strength of character and her willingness to sacrifice personal desires for the sake of maintaining societal norms and harmony within her family.
Charlotte's relationship with Ottilie highlights her nurturing and selfless nature. She takes on the responsibility of caring for Ottilie, even though Ottilie's presence in their household complicates the emotional dynamics.
Charlotte's ability to forgive Ottilie for the accidental death of Charlotte's son showcases her capacity for empathy and understanding. Her self-imposed punishment by rejecting the Hauptmann's proposal further exemplifies her sense of responsibility and her inclination to uphold traditional values.

Through Charlotte's character, Goethe explores the tensions between individual desires and societal expectations, as well as the complexities of human relationships and the sacrifices that people are willing to make for the sake of duty and stability. Charlotte's choices and actions contribute significantly to the thematic depth of the novel ""Elective Affinities."""
Captain Otto,Elective Affinities,1809,m,"Captain Otto, known as Hauptmann (Captain) in Johann Wolfgang von Goethe's novel ""Elective Affinities,"" is a character with distinct qualities that shape his role in the story and his relationships with other characters.

Physical Aspect:
While the physical appearance of Hauptmann Otto is not explicitly described in the provided information, he is depicted as someone who is disciplined, reserved, and principled. As a military man, he likely carries himself with an air of authority and professionalism.

Mental and Behavioral Aspects:
Hauptmann Otto is portrayed as a character of strong character and principles. He is rational, disciplined, and possesses a sense of duty that guides his actions. Unlike Eduard, he is not guided by impulsive emotions; instead, he exercises control over his feelings and decisions.

His ability to keep his emotions in check is particularly evident in his ability to resist his love for a married woman, Charlotte. He maintains a sense of moral integrity and discipline, refraining from pursuing a romantic relationship that would compromise his values.

Social Aspect:
Unlike Eduard, Hauptmann Otto is not of noble descent and faces financial difficulties. This economic disparity is a crucial factor that leads to his residence on the estate of the married characters, where he becomes entangled in complex emotional dynamics.

Key Actions:

Hauptmann Otto's decision to accept Eduard's offer of shelter and assistance when he is in need highlights their deep friendship and shared history. Their bond is demonstrated through their willingness to support each other during challenging times.
The Hauptmann's remarkable sense of duty and bravery in the military leads to his promotion, showcasing his strong character and capability to uphold his responsibilities.
One of the central aspects of Hauptmann Otto's character is his ability to resist his feelings for Charlotte. Despite his growing affection for her, he consistently avoids her presence to prevent any emotional entanglement. This reflects his disciplined nature and adherence to his moral principles.

Hauptmann Otto's contrast with Eduard, especially in terms of emotional control and moral decision-making, serves as a foil for exploring themes such as duty, morality, and the complexities of human relationships. His internal struggles and decisions contribute to the depth of character development within the novel ""Elective Affinities."""
Ottilie,Elective Affinities,1809,f,"Ottilie, a central character in Johann Wolfgang von Goethe's novel ""Elective Affinities,"" possesses a multifaceted personality that plays a significant role in the unfolding of the story's themes and dynamics.

Physical Aspect:
The provided information does not include a detailed physical description of Ottilie. However, given her young age and upbringing, she is likely depicted as a youthful and delicate figure, reflecting her innocence and naivety.

Mental and Behavioral Aspects:
Ottilie's character is defined by her shyness, modesty, and a childlike innocence. She is initially reserved and quiet, exhibiting an almost awkward demeanor. Her actions often come across as impulsive and clumsy, reflecting her youthful and inexperienced nature.

Despite her flaws and mistakes, Ottilie's character is portrayed as inherently kind-hearted and selfless. She is willing to accept responsibility for her actions, demonstrating a sense of maturity and introspection.

Social Aspect:
Ottilie's social position is less privileged compared to her aunt Charlotte. She lacks parents and financial means, having grown up in modest circumstances.

Key Actions:

Ottilie's arrival at the estate marks a turning point in the story. Her presence disrupts the equilibrium of the household, creating emotional and relational complexities among the characters.
Ottilie's interactions with Eduard reveal her compatibility with his youthful spirit. Her cheerful and naive nature resonates with Eduard, forming the basis of their mutual attraction.
After the accident, Ottilie undergoes a transformation. She becomes quieter and more reflective, burdened by a sense of guilt for her feelings towards Eduard. Her decision to reject Eduard's advances and her resolve to atone for her perceived wrongdoing add depth to her character.
Ottilie's character embodies both the fragility of youth and the depth of human emotions. Her mysterious and almost otherworldly qualities, such as the unexplained phenomena surrounding her, add an element of intrigue to the story. Her struggles with love, guilt, and the pursuit of moral integrity contribute to the novel's exploration of complex human relationships and the consequences of individual choices.

In ""Elective Affinities,"" Ottilie represents a symbol of innocence and the clash between youthful impulsiveness and societal expectations. Her character serves as a vessel through which Goethe delves into the intricacies of human psychology and the tension between desire and duty."
Iphigenia,Iphigenia in Tauris,1779,f,"Iphigenia is a central character in Johann Wolfgang von Goethe's play ""Iphigenia in Tauris."" Her character is shaped by a combination of her past, her social standing, her relationships, and her inner struggles, making her a complex and multidimensional figure.

Physical Aspect:
The provided information does not include a detailed physical description of Iphigenia. However, given her noble lineage as the daughter of Agamemnon, she would likely be depicted with regal bearing and a commanding presence.

Mental and Behavioral Aspects:
Iphigenia's character is marked by her internal conflicts and emotional journey. Her history as a Tantalid, burdened by a family curse, has shaped her outlook on life. She was rescued by the goddess Diana and brought to the island of Tauris, where she serves as a priestess. This divine intervention underscores her connection to the gods and her unique destiny.

She initially lives under the influence of the gods and her surroundings, unable to lead a self-determined life. Iphigenia's mental state is a mix of reverence and questioning towards the gods. She embodies the classic struggle between fate and free will, loyalty and individual agency.

Social Aspect:
Iphigenia's social standing is notably high due to her lineage as the daughter of Agamemnon and her role as a priestess. Her position as a priestess grants her respect and authority among the people of Tauris.

Key Actions:

Iphigenia's primary role is that of a priestess, serving the goddess Diana. Her sacred duty includes conducting rituals and sacrifices, which highlights her elevated position in society.
Despite her high status, Iphigenia is a prisoner on the island of Tauris due to the will of the goddess. This captivity adds to the conflict between her external circumstances and her inner desires for freedom and connection to her homeland.
Iphigenia's interactions with King Thoas showcase her influence on him. Her reserved and composed demeanor contrast with the islanders' emotional and erratic behavior, leading Thoas to admire and seek her guidance.
As the play progresses, Iphigenia experiences an inner transformation. She evolves from a submissive believer in the gods' will to a more independent thinker who challenges the divine plan.
One of the pivotal moments is when Iphigenia speaks candidly to Thoas, revealing the truth and breaking free from the constraints of external control. This act marks her journey towards self-determination and emotional liberation.
Iphigenia's character reflects the ideals of the Classical era. Her evolution from a passive vessel of divine will to a self-empowered individual echoes the concept of human agency and personal growth. Through her journey of emancipation and her internal struggles with fate and free will, Iphigenia becomes a symbol of resilience, courage, and the capacity for change. Her development mirrors the themes of the play and Goethe's exploration of the human condition."
King Thoas,Iphigenia in Tauris,1779,m,"King Thoas is a significant character in Johann Wolfgang von Goethe's play ""Iphigenia in Tauris."" His character is defined by a combination of his role as the king of Tauris, his emotions, his interactions with other characters, and his evolution throughout the story.

Physical Aspect:
The provided information does not include a detailed physical description of King Thoas. As the king of Tauris, he would likely be depicted with an air of authority and a regal presence.

Mental and Behavioral Aspects:
King Thoas is portrayed as a ruler who is committed to the well-being of his people and his kingdom. He is a thoughtful and caring leader, demonstrating concern for his subjects and showing a desire to maintain a stable and harmonious realm.

However, Thoas is also depicted as an emotional and impulsive character, which becomes evident in his interactions with Iphigenia. When Iphigenia rejects his marriage proposal, his emotions get the better of him. He reverts to a more primitive and barbaric practice, reviving the tradition of human sacrifice to the gods.

Social Aspect:
King Thoas holds a position of power as the ruler of Tauris. He is depicted as a solitary figure, having lost his son recently and lacking a family of his own. This isolation contributes to his emotional struggles and the decisions he makes.

Key Actions:

King Thoas starts off as a king who values the welfare of his people. He respects Iphigenia and values her counsel, as she brings a sense of wisdom and calmness to the island.
Thoas proposes marriage to Iphigenia, an offer motivated by both his feelings for her and his desire to have an heir. When Iphigenia rejects his proposal, he becomes emotionally distraught and reverts to a brutal practice, threatening to sacrifice two strangers to the gods.
The turning point comes when Iphigenia reveals the truth about her identity and her relationship with the strangers (Orestes and Pylades). This revelation brings about a transformation in Thoas. He begins to question the traditions he has upheld and ultimately renounces the idea of forced human sacrifice.
Thoas' final actions demonstrate his growth. He gives up his proposal of marriage, realizing that his desire for Iphigenia's companionship cannot be achieved at the cost of her happiness and freedom. He selflessly allows Iphigenia to leave Tauris, displaying his capacity for compassion and personal development.
King Thoas' character represents a blend of emotions, societal responsibilities, and personal growth. His journey from a ruler driven by emotions and tradition to a leader willing to question and change his beliefs reflects the central themes of the play regarding human connection, empathy, and the ability to change for the better."
Orestes,Iphigenia in Tauris,1779,m,"
Orest, the younger brother of Iphigenia, is a central character in Johann Wolfgang von Goethe's play ""Iphigenia in Tauris."" His character undergoes significant development throughout the story, transitioning from a state of despair to renewed purpose and active engagement.

Physical Aspect:
The provided information does not include a detailed physical description of Orest. As a character from Greek mythology, he would likely be depicted as a young and noble-looking figure.

Mental and Behavioral Aspects:
Orest's mental and emotional state evolves dramatically over the course of the play. Initially, he is overwhelmed by guilt and despair due to his role in his family's tragic history. He carries the burden of the curse on the House of Atreus and believes himself to be marked by fate. This sense of guilt and hopelessness renders him passive and almost lifeless.

However, as the story progresses and he learns of the possibility of redemption, Orest transforms. He gains a renewed sense of purpose and becomes more active and rational. His desperation gives way to determination, and he starts to see a way out of the cycle of violence that has haunted his family.

Social Aspect:
Orest's social role is mainly defined by his connection to his sister Iphigenia and his place within the cursed House of Atreus. He represents the next generation of a tragic family lineage marked by violence and suffering.

Key Actions:

Orest's initial appearance is characterized by his despondency and self-blame. He is tormented by the curse that has plagued his family for generations.
When he arrives in Tauris, he faces the possibility of being sacrificed to the gods as part of the island's ritual. However, he begins to see glimmers of hope as he learns about Iphigenia's presence on the island.
Orest's encounter with Iphigenia is a pivotal moment. Her role as a priestess and her compassionate nature provide him with a chance for salvation. Her presence gives him the strength to believe in the possibility of breaking the cycle of violence.
As the story unfolds, Orest's determination grows. He becomes actively involved in the plan to escape Tauris and return to Greece.
Crucially, Orest deciphers the oracle's ambiguous message, recognizing that the escape from Tauris is possible if he brings the statue of Diana to Greece. This insight ultimately paves the way for a happy resolution to the play's conflicts.
Orest's character arc revolves around his journey from despondency and passivity to newfound hope and proactive engagement. His transformation not only enables his own redemption but also contributes to the play's overall message about breaking the cycle of violence through compassion, reason, and understanding."
Pylades,Iphigenia in Tauris,1779,m,"Pylades is a character in Johann Wolfgang von Goethe's play ""Iphigenia in Tauris."" He is the friend and companion of Orest, and his character adds an optimistic and resourceful dimension to the story.

Physical Aspect:
The provided information does not include a detailed physical description of Pylades. However, as a companion of Orest and an essential character in the story, he would likely be depicted as a young, energetic, and clever individual.

Mental and Behavioral Aspects:
Pylades is notably more optimistic and cheerful than Orest. His positive outlook and quick thinking contribute to the characters' ability to navigate challenges and devise a plan for their escape from Tauris. Pylades is characterized as a munterer Geselle, which suggests that he is lively and good-humored.

Social Aspect:
Pylades' social role is closely tied to his friendship with Orest and their shared mission to escape from Tauris. He serves as a supportive and resourceful ally in Orest's quest for redemption and freedom.

Key Actions:

Pylades' friendship with Orest is a central aspect of his character. He accompanies Orest to Tauris and is instrumental in helping him navigate the challenges they face on the island.
Pylades' optimism and resourcefulness become evident when he hatches a plan for their escape from Tauris. He takes the initiative to devise a strategy, showcasing his intelligence and cunning.
In contrast to Iphigenia's honesty, Pylades is willing to use deception to achieve their goals. He doesn't hesitate to lie or manipulate situations if it serves their greater purpose.
Pylades' role in the successful execution of their escape plan is pivotal. His ability to think on his feet and adapt to changing circumstances contributes to the overall success of their mission.
Throughout the play, Pylades provides a contrast to Orest's more somber demeanor. His optimism and positive attitude help counterbalance the weight of Orest's guilt and despair.
Pylades' character serves as a counterpoint to Orest and adds a layer of resourcefulness, humor, and practicality to the story. His willingness to take action and his skillful problem-solving contribute to the overall narrative by enabling the characters to break free from the cycle of violence and find a path toward redemption and liberation."
Dr. Heinrich Faust,"Faust, Part One",1808,m,"
Dr. Heinrich Faust is a complex and multifaceted character in Johann Wolfgang von Goethe's ""Faust I."" Here's a comprehensive description of his character, considering the provided information and additional context from the given description:

Physical Appearance:
Dr. Heinrich Faust is depicted as an aged, respected scholar, likely between the ages of 50 and 60. He belongs to the upper class, and his attire reflects his elevated social status.

Mental and Emotional Traits:
Faust possesses a brilliant and insatiable intellect. He is driven by a relentless pursuit of knowledge and seeks to unravel the mysteries of the world. This deep intellectual curiosity shapes his character and actions. Faust's mental landscape is characterized by both arrogance and a genuine thirst for understanding.

Behavioral Aspects:
Faust's behavior is characterized by his constant quest for knowledge and the desire to comprehend the essence of existence. He is portrayed as a typical representative of the Sturm und Drang movement, exhibiting traits such as sensitivity, impulsiveness, and idealism. His interactions with others are often marked by his extensive knowledge, making him come across as arrogant and condescending.

Social Context:
As a member of the upper class, Faust occupies a position of social privilege and respect. His intellectual prowess and dedication to various fields of study contribute to his reputation as an esteemed scholar.

Key Actions:

Pursuit of Knowledge: Faust's life is dedicated to the relentless pursuit of knowledge across multiple disciplines, including philosophy, theology, law, and medicine. This unquenchable thirst for understanding serves as a driving force behind his actions.

Deal with the Devil: Feeling unfulfilled despite his academic achievements, Faust makes a pact with the devil, Mephistopheles. He hopes to find momentary happiness and affection in exchange for his soul.

Love for Gretchen: Faust becomes infatuated with Gretchen, a young and innocent woman. His passionate feelings for her are a stark contrast to his usual detached demeanor. He desires her intensely and seeks to win her affection at any cost.

Momentary Happiness: Through his love for Gretchen, Faust experiences a fleeting sense of happiness and emotional fulfillment. This love serves as a reprieve from his otherwise empty and unfulfilled existence.

Moral Dilemmas: Faust's actions have consequences, especially for Gretchen. He abandons her when challenges arise, displaying his irresponsibility and selfishness. His inability to foresee the consequences of his actions leads to Gretchen's downfall.

Internal Conflict: Faust grapples with internal conflicts, torn between his intellectual pursuits and the emotional connections he forms. This internal struggle shapes his character development throughout the narrative.

Dr. Heinrich Faust's character embodies the tensions of the Sturm und Drang movement, as he navigates his intellectual ambitions, emotional longings, and moral dilemmas. His journey is one of self-discovery, characterized by both his intellectual brilliance and his deeply flawed human nature."
Gretchen,"Faust, Part One",1808,f,"Margarete/Gretchen is a central character in Johann Wolfgang von Goethe's ""Faust I."" Here's a comprehensive description of her character, considering the provided information and additional context from the given description:

Physical Appearance:
Margarete, commonly referred to as Gretchen, is a young and attractive girl. While specific physical details may not be extensively described, her beauty and youth contribute to her allure.

Mental and Emotional Traits:
Gretchen is portrayed as innocent, naive, and initially quite sheltered. She possesses a gentle and good-natured disposition. Her personality is marked by her strong religiosity, adherence to church rules, and her sense of morality.

Behavioral Aspects:
Gretchen's behavior is characterized by her meekness, shyness, and obedience. She is presented as someone who conforms to societal norms and is influenced by her mother's guidance. As the story progresses, her behavior changes due to her infatuation with Faust.

Social Context:
Gretchen represents the quintessential young woman of her time, reflecting the values of the bourgeoisie. She embodies the virtues of purity, modesty, and piety, which are highly regarded within her society.

Key Actions:

Falling in Love with Faust: Gretchen's story begins with her falling in love with Faust, a transformative event that shapes the trajectory of her life. This love marks the beginning of her emotional and moral struggles.

Struggle between Love and Morality: Gretchen's love for Faust puts her in a conflict between her genuine feelings and her strict moral upbringing. She initially resists Faust's advances due to her strong religious beliefs but ultimately succumbs to her emotions.

Faust's Seduction: Gretchen's innocence and naivety make her vulnerable to Faust's charms. Their relationship becomes more passionate, leading to their sexual encounter and the subsequent tragedy.

Consequences and Downfall: As a result of her relationship with Faust, Gretchen's life takes a tragic turn. She becomes pregnant and gives birth to Faust's child out of wedlock. The societal judgment and her guilt weigh heavily on her, leading her to commit infanticide.

Social Isolation and Mental Strain: The consequences of her actions lead to Gretchen's social isolation and mental distress. Her family members die, and she becomes an outcast in society. Faust also abandons her, which exacerbates her despair.

Redemption and Spiritual Reawakening: Gretchen's redemption journey begins when she finds herself in prison, awaiting her execution. Despite her tragic circumstances, she seeks solace in her faith, repenting for her sins and asking for forgiveness from God.

Divine Intervention: In the final moments, Gretchen experiences a spiritual reawakening. Her plea for divine mercy is answered, and she receives spiritual salvation.

Gretchen's character arc serves as a powerful exploration of innocence corrupted by love and societal judgment. She embodies the clash between inner desires and societal norms, resulting in tragic consequences. Her story is a reflection of the tension between individual emotions and societal expectations, making her a poignant and memorable character in ""Faust I."""
Mephisto,"Faust, Part One",1808,m,"Mephisto is a multifaceted character in Johann Wolfgang von Goethe's ""Faust I,"" representing the embodiment of the devil. Here's a comprehensive description of his character, considering the provided information and additional context from the given description:

Physical Appearance:
Mephisto's physical appearance is fluid and changeable due to his magical abilities. He can assume various forms and shapes, often using his powers to deceive and manipulate those around him. He initially appears as a black poodle to catch Faust's attention.

Mental and Emotional Traits:
Mephisto is cunning, manipulative, and deeply knowledgeable about human nature. He possesses an air of overconfidence, often belittling God and mocking the concept of good. He sees himself as a god-like being, which contributes to his arrogance.

Behavioral Aspects:
Mephisto's behavior is marked by his mischievous and chaotic nature. He delights in playing with people's desires and weaknesses, causing havoc and destruction in their lives. He uses his magical abilities to fulfill Faust's wishes after their devil's pact, although his powers are limited. He cannot, for instance, force Gretchen to love Faust.

Social Context:
Mephisto operates as a counterforce to God and good. He moves freely between heaven and hell, occupying a unique position between these realms. His demeanor is often one of superiority and cynicism, as he views human beings as easily manipulated and driven by their desires.

Key Actions:

Deception and Temptation: Mephisto's primary role in the story is to tempt and deceive Faust. He offers Faust a pact, promising to fulfill his desires in exchange for his soul in the afterlife. This pact serves as the foundation of their complex relationship.

Shape-Shifting: Mephisto's magical abilities allow him to take on various forms, manipulating events and individuals to achieve his goals. His shape-shifting prowess showcases his deceptive nature.

Intrigues and Chaos: Mephisto orchestrates chaos in the lives of various characters, including Faust and Gretchen. He influences their decisions and actions, often with disastrous consequences.

Mockery of God and Morality: Mephisto frequently mocks God and portrays himself as a superior being. He revels in undermining moral values and exploiting human weaknesses.

Charm and Manipulation: Despite being an embodiment of evil, Mephisto displays charm, wit, and eloquence. He is skilled at manipulating people, particularly Faust, and swaying them to his side.

Contrast and Conflict with Faust: Mephisto and Faust's relationship is complex and contentious. While they form a pact, they are fundamentally at odds with each other. Mephisto's temptations challenge Faust's moral compass, leading to internal conflict and tension.

Mephisto's character is pivotal to the narrative, serving as both a catalyst for conflict and a source of dark humor. His interactions with Faust reveal the complexities of their relationship, where manipulation and genuine dependency intertwine. As a central figure in ""Faust I,"" Mephisto embodies the darker aspects of human desires and serves as a counterbalance to the exploration of knowledge and transcendence."
Valentin,"Faust, Part One",1808,m,"Valentin is an important character in Johann Wolfgang von Goethe's ""Faust I."" Here's a comprehensive description of his character, considering the provided information and additional context from the given description:

Physical Appearance:
While specific physical details about Valentin may not be extensively described, he can be imagined as a robust and proud soldier, reflecting his role as a soldier serving in the military.

Mental and Emotional Traits:
Valentin is depicted as a protective and proud older brother. He holds strong values related to honor, duty, and family reputation. His emotions are deeply tied to his sister, Gretchen, and he is concerned about her well-being and virtue.

Behavioral Aspects:
Valentin's behavior is characterized by his soldierly demeanor and his unwavering commitment to maintaining his family's honor and reputation. He acts as a responsible and protective figure for Gretchen.

Social Context:
As a soldier, Valentin embodies a sense of duty and pride. His commitment to honor and his desire to protect his sister's virtue are influenced by the societal values of his time, which placed a high premium on family honor and moral integrity.

Key Actions:

Soldier's Duty: Valentin's role as a soldier keeps him away from home for extended periods. This duty contributes to his absence during the unfolding events in Gretchen's life.

Protective Older Brother: Valentin's protective nature is evident in his pride for his sister's virtue. He values her innocence and is determined to defend her honor from any potential harm.

Reactions to Gretchen's Actions: Valentin's shock and disappointment are palpable when he learns about Gretchen's relationship with Faust and the death of their mother. This news deeply affects him and triggers his protective instincts.

Challenging Faust to a Duel: In an effort to defend Gretchen's honor and avenge the perceived wrongs done to his family, Valentin challenges Faust to a duel. This action showcases his commitment to family honor and his readiness to confront Faust.

Death in the Duel: Tragically, Valentin is fatally wounded by Faust in the duel. Despite his efforts to protect his family's honor, he is unable to overcome Faust's powers. Valentin's death serves as a turning point in the narrative, contributing to the tragic arc of the story.

Final Words and Accusations: In his dying moments, Valentin's emotions turn to anger and disappointment. He accuses Gretchen of being involved with Faust, branding her as a ""harlot."" His accusations are overheard by the townspeople, which further shames Gretchen.

Valentin's character represents the complex interplay between honor, family, and morality in the context of societal norms. His protective nature and ultimate fate reflect the tragedy that envelops Gretchen's life due to her involvement with Faust. Valentin's actions and emotions underscore the moral dilemmas and societal expectations that play a significant role in ""Faust I."""
Wagner,"Faust, Part One",1808,m,"Wagner is a significant character in Johann Wolfgang von Goethe's ""Faust I."" Here's a comprehensive description of his character, considering the provided information and additional context from the given description:

Physical Appearance:
Wagner's physical appearance is not extensively described in the text. However, he can be imagined as a young and earnest student, often seen assisting Faust.

Mental and Emotional Traits:
Wagner is portrayed as diligent, ambitious, and eager to learn. He is deeply impressed by Faust's knowledge and seeks to emulate his accomplishments. He is curious and eager to understand the complexities of the world, as demonstrated by his persistent questioning of Faust.

Behavioral Aspects:
Wagner's behavior reflects his role as Faust's student assistant. He is respectful of Faust's knowledge and often seeks guidance and mentorship from him. Wagner's ambition drives him to work hard and acquire knowledge in various fields.

Social Context:
As a student and Faust's assistant, Wagner's social context revolves around the academic and intellectual environment. He interacts with Faust and other scholars, demonstrating his commitment to his studies and pursuit of knowledge.

Key Actions:

Faust's Assistant: Wagner serves as Faust's student assistant (Famulus), working by his side and assisting him in various tasks. This role highlights his eagerness to learn from Faust.

Admiration for Faust: Wagner greatly admires Faust's knowledge and intellectual prowess. He sees Faust as a role model and aspires to achieve a similar level of expertise.

Quest for Knowledge: Wagner's pursuit of knowledge is evident through his continuous questioning and engagement with Faust. He seeks to expand his understanding of various subjects and hopes to attain Faust's level of erudition.

Contrast to Faust: Wagner's character serves as a contrast to Faust's complex and tumultuous nature. Wagner's pragmatic and disciplined approach to learning contrasts with Faust's more impulsive and ambitious pursuits.

Devotion to Academia: Unlike Faust, who is driven by a deeper search for meaning, Wagner's pursuit of knowledge is primarily driven by academic and intellectual curiosity. He separates his academic pursuits from his personal life.

Symbolic Role: Wagner symbolizes the conventional and disciplined approach to learning, representing the Enlightenment ideals of rationality, education, and the pursuit of knowledge for its own sake.

Wagner's character adds depth to the narrative by providing a foil to Faust's complex personality. His unwavering admiration for Faust and his steadfast commitment to academic pursuits highlight the contrasting attitudes toward knowledge and life's purpose. Wagner's character also reflects the tensions between different philosophical and intellectual approaches present during the Enlightenment era, which Goethe explores in ""Faust I."""
Egmont,Egmont,1789,m,"Egmont is the main character in Johann Wolfgang von Goethe's play ""Egmont."" He is a complex figure with various characteristics and roles that shape the course of the drama.

Physical Aspect:
The provided information does not include a detailed physical description of Egmont. However, as a nobleman and a key figure in the political landscape, he would likely be depicted as a charismatic and dignified individual.

Mental and Behavioral Aspects:
Egmont is characterized by his strong sense of duty, loyalty, and idealism. He is a committed member of the Dutch nobility and serves as the stadtholder of several Dutch provinces under the authority of King Philip II of Spain. He is respected for his dedication to his people and his government. Despite his duty to the Spanish crown, he also values religious tolerance and individual freedom.

Egmont's significant flaw is his naivety and tendency to be overly trusting. This flaw becomes apparent in his misjudgment of the Duke of Alba's intentions, leading him to underestimate the threat posed by the Duke.

Social Aspect:
As a member of the Dutch aristocracy and a stadtholder, Egmont occupies a prominent social position. He enjoys the favor of the regent, Margaret of Parma, and is well-regarded by the citizens of Brussels for his benevolent leadership and his advocacy for their well-being.

Key Actions:

Egmont's most significant action is his principled stance on religious tolerance and personal freedom. He is willing to prioritize these values even within his loyalty to the Spanish monarchy.
He warns the citizens of Brussels against hasty actions when they plan a conspiracy against Spanish rule. He advocates for reason and loyalty to the established authority.
Egmont's relationship with Klrchen, a commoner, adds a personal dimension to his character. This relationship reflects his approachability and his desire to bridge societal divides.
Despite his contributions to the people of Brussels, they do not support him when he faces a death sentence. This demonstrates the fickleness of public sentiment and the complexities of political allegiances.
Fate:
Egmont's tragic fate is a central aspect of the play. His misplaced trust in the Duke of Alba leads to his downfall. His public execution at the end of the play serves as a poignant commentary on the struggle between individual freedom and oppressive political power.

Egmont's character embodies the tensions between duty, loyalty, personal ideals, and political realities. His tragic story underscores the complexities of political power and the challenges of maintaining one's principles in the face of shifting allegiances and treacherous plots."
Klare/Klrchen,Egmont,1789,f,"Klrchen is a significant character in Johann Wolfgang von Goethe's play ""Egmont."" She embodies various aspects that contribute to the emotional depth and dramatic tension of the story.

Physical Aspect:
The provided information does not include a detailed physical description of Klrchen. However, as a young woman from the bourgeoisie, she would likely be portrayed with a youthful appearance and a demeanor that reflects her emotional state.

Mental and Behavioral Aspects:
Klrchen is a passionate and emotional character. Her emotions guide her actions, especially in matters of the heart. She is deeply in love with Count Egmont and becomes consumed by her affection for him. Her love for Egmont shapes her thoughts, decisions, and interactions.

Klrchen's emotions are both her strength and her vulnerability. Her intense love for Egmont gives her the determination to stand by him, even in difficult circumstances. However, her inability to be with Egmont due to societal and class barriers contributes to her sense of hopelessness.

Social Aspect:
Klrchen comes from the lower social class, being the daughter of a bourgeois family. Her love for Count Egmont, a nobleman, adds a layer of complexity to her social position and challenges traditional societal norms.

Key Actions:

Klrchen's unrequited love for Count Egmont is a central theme. Her feelings for him are passionate and consuming, driving her actions throughout the play.
Despite societal expectations, Klrchen persists in her love for Egmont, even when her mother disapproves of the relationship.
Klrchen's efforts to convince her mother of Egmont's virtues reveal her determination to overcome societal barriers for the sake of her love.
As Egmont faces a death sentence, Klrchen's desperation intensifies. She tries to secure Egmont's freedom, further showcasing her love and devotion.
Tragically, unable to bear the hopelessness of her situation, Klrchen takes her own life. Her suicide is a powerful depiction of the emotional toll that societal constraints and unfulfilled love can have on an individual.
Klrchen's character is a poignant representation of the clash between personal emotions and societal norms. Her intense love, determination, and ultimate tragedy contribute to the emotional depth of the play and the exploration of themes related to love, class, and fate."
Brackenburg,Egmont,1789,m,"Brackenburg is a supporting character in Johann Wolfgang von Goethe's play ""Egmont."" He serves as a contrast to the titular character, Count Egmont, and contributes to the exploration of different social classes and their experiences in the story.

Physical Aspect:
The provided information does not include a detailed physical description of Brackenburg. However, as a young man from the bourgeoisie, he would likely be portrayed as having a modest appearance that reflects his social background.

Mental and Behavioral Aspects:
Brackenburg is depicted as a young man deeply in love with Klrchen, a prominent character in the play. His emotions are intense and consuming, guiding his actions and decisions. His love for Klrchen shapes his perspective and motivates his behavior.

Brackenburg's love for Klrchen drives him to pursue her affections and hope for reciprocity. When he is rejected by Klrchen, he becomes overwhelmed by his emotions and seeks to end his own life, showcasing his despair and inability to cope with rejection.

Social Aspect:
Brackenburg belongs to the lower social class, being the son of a bourgeois family. His social status stands in contrast to Count Egmont's noble background and influence.

Key Actions:

Brackenburg's primary role is that of a suitor for Klrchen's affections. He loves Klrchen deeply and hopes for a romantic relationship with her.
When Klrchen rejects his advances, Brackenburg's emotional distress becomes evident. He is devastated by the rejection and feels unable to continue living without Klrchen's love.
Brackenburg's extreme response to Klrchen's rejection highlights the emotional intensity of his character and the impact that unrequited love can have on an individual from his social background.
Brackenburg's character serves to emphasize the disparities in social class, opportunities, and experiences within the play. His unrequited love and subsequent emotional turmoil provide a counterpoint to the noble characters like Egmont, offering a glimpse into the struggles and aspirations of those from the lower classes."
William of Orange,Egmont,1789,m,"Wilhelm of Orange (Wilhelm von Oranien) is a prominent historical figure in Johann Wolfgang von Goethe's play ""Egmont."" He is a key character who contrasts with Count Egmont in terms of his political views and foresight. Here's a description of Wilhelm of Orange based on the provided information:

Physical Aspect:
The provided information does not include a detailed physical description of Wilhelm of Orange. However, as a nobleman and historical figure, he would likely be portrayed in a manner befitting his status.

Mental and Behavioral Aspects:
Wilhelm of Orange is depicted as a calculated and strategic thinker. Unlike Egmont, he is skeptical of Spanish rule over the Netherlands and is cautious about the intentions of the Spanish monarchy.

Social Aspect:
Wilhelm of Orange is a nobleman and holds the title of Statthalter (steward or governor) of several Dutch provinces under the Spanish monarchy. His noble status gives him influence and authority within the political landscape.

Key Actions:

Wilhelm of Orange's most significant actions in the play revolve around his political views and his interactions with the Spanish rulers. Unlike Egmont, he is wary of the intentions of the Spanish monarchy and sees the potential dangers of their rule.
He accurately assesses the threat posed by the Duke of Alba, a Spanish general sent to suppress dissent in the Netherlands. Recognizing the danger, Wilhelm of Orange flees the country to avoid arrest and persecution.
Wilhelm of Orange's decision to leave the Netherlands is an example of his prudence and strategic thinking. This action also highlights his foresight and ability to read the political landscape accurately.
His departure is an important event in the play, as it underlines the contrast between his cautious approach and Egmont's optimism and trust in the Spanish monarchy.
Wilhelm of Orange's character serves to highlight the political tensions of the time and the contrasting approaches of different nobles to Spanish rule. His careful assessment of the situation and his actions to protect himself demonstrate his political acumen and foresight."
Margarete of Parma,Egmont,1789,f,"Margarete of Parma is a significant character in Johann Wolfgang von Goethe's play ""Egmont."" As the sister of King Philip II of Spain and the regent of the Netherlands, she plays a crucial role in the political and religious conflicts of the time. Here's a description of Margarete of Parma based on the provided information:

Physical Aspect:
The provided information does not include a detailed physical description of Margarete of Parma. However, as a royal figure, she would likely be portrayed in a manner that reflects her regal status.

Mental and Behavioral Aspects:
Margarete of Parma is depicted as a cautious and politically minded ruler. She is focused on serving the interests of the Spanish monarchy and is concerned about the spread of Protestantism in the Netherlands, due to her Catholic background.

Social Aspect:
As the regent of the Netherlands, Margarete of Parma holds a position of authority and influence. She represents the Spanish monarchy in the region and is responsible for maintaining order and loyalty to the crown.

Key Actions:

Margarete of Parma is an advocate of Catholicism and is opposed to the Protestant movement in the Netherlands. She views it as a threat to the established order and the interests of the Spanish monarchy.
She accuses Egmont of tolerating and even supporting Protestant activities in his provinces. She informs the Spanish king about Egmont's alleged inaction against iconoclasts (those who engaged in the destruction of religious images).
Margarete's relationship with Egmont becomes strained due to her suspicion and mistrust of him. Despite Egmont's contributions to the city of Brussels, she accuses him of treason, further highlighting her cautious nature.
When faced with the arrival of the Duke of Alba, a notorious Spanish general, she chooses not to fight for her rule and flees instead. This decision showcases her fearfulness and reluctance to confront threats directly.
Margarete of Parma's character represents the complex political and religious tensions of the time. Her role as a regent and her allegiance to the Spanish monarchy influence her decisions and interactions with other characters in the play. Her suspicions and fears contribute to the drama's unfolding events."
Duke of Alba,Egmont,1789,m,"Duke of Alba is a central character in Johann Wolfgang von Goethe's play ""Egmont."" As a ruthless and cunning figure, he acts as an antagonist in the story. Here's a description of the Duke of Alba based on the provided information:

Physical Aspect:
The provided information does not include a detailed physical description of the Duke of Alba. However, he is likely depicted in a manner that reflects his authoritative and commanding presence.

Mental and Behavioral Aspects:
The Duke of Alba is portrayed as a scheming and manipulative character. He appears to act in the name of the Spanish king, but he also pursues his own sinister goals without the king's knowledge.

Social Aspect:
As a high-ranking representative of the Spanish monarchy, the Duke of Alba wields significant power and authority. He uses his position to further his own ambitions and maintain control over the territories he oversees.

Key Actions:

The Duke of Alba is known for his brutality and cruelty, which earns him fear and mistrust from the people of Brussels. Unlike Egmont, who is loved by the citizens, the Duke's reputation is built on intimidation.
To instill fear among the people of Brussels, he orders the arrest of a group of individuals publicly assembled upon his arrival. This action serves to demonstrate his power and willingness to suppress any opposition.
The Duke of Alba manipulates Egmont by inviting him for a seemingly friendly conversation and then orchestrating his arrest. This manipulation exposes his treacherous nature and cunning tactics.
He exploits his authority to carry out public executions, including that of Egmont, ultimately achieving his own objectives while maintaining the appearance of acting on the king's orders.
The Duke of Alba embodies the role of the antagonist in the play. His actions are driven by his ambition for power and control, and he uses fear and manipulation to achieve his goals. His interactions with other characters, especially Egmont, showcase his devious and ruthless nature, making him a central figure in the conflict of the story."